# Max Weber, Politik als Beruf — 词典（A–D）。每个词形一行：词形|原形|词性|语法|释义|用法注释
abend|der Abend|N|名词 · 阳性 · 单数 · 与格|晚上|vom heutigen Abend：今晚的。演讲在晚上举行。
abendland|das Abendland|N|名词 · 中性 · 单数 · 与格|西方|字面「日落之地」，与 Morgenland（东方）相对。= Okzident。
aber|aber|K|连词 / 副词|但是；然而|常插在句中：Seiner Person … aber gilt …（然而……）；nun aber：那么、可是。
abwandlungen|die Abwandlung|N|名词 · 阴性 · 复数 · 宾格|变体|abwandeln：变化、改变。
aktuellen|aktuell|A|形容词 · 与格复数|当前的|aktuelle Tagesfragen：眼下的时事。德语 aktuell 是「当前的」，不是英语 actual（实际的）。
alle|all-|T|不定代词 · 复数主格|所有的|alle Fragen：所有问题；alle jene Träger：所有那些承担者。
alleinige|alleinig|A|形容词 · 主格阴性|唯一的|die alleinige Quelle：唯一的来源。
allem|all-|R|不定代词 · 与格中性|一切|vor allem：首先、尤其。
allen|all-|T|不定代词 · 与格复数|所有的|allen anderen Verbänden：（给）其他一切团体；in allen Gebieten：在一切地区。
allerdings|allerdings|D|副词|确实；不过|dann allerdings stößt man auf …：那么确实就会碰到……。也可表示让步「不过」。
allgemeinen|allgemein|A|形容词 · 与格 / 属格阴性|一般的；普遍的|der allgemeinen Frage：一般性的问题；»allgemeine Staatslehre«：一般国家学。
als|als|K|连词|作为；比；被视为|① 作为：als Mittel、als Staaten；② 比：mehr als；③ gelten als / bezeichnen als：被视为、称为；④ so weit …, als …：在……的范围内。
also|also|D|副词|因此；也就是|也常表示「也就是说」：heute also: eines Staates。不是英语 also（也）。
alten|alt|A|形容词 · 属格阳性|旧的；老的|alten Schlages：旧式的（属格作状语）。
am|an + dem|P|介词与冠词缩合 · 与格|在|am Schlusse：在结尾。
an|an|P|介词（与格 / 宾格）|对；在|这里多接宾格：Hingabe an …（对……的献身）、Glauben an …（对……的信念）、an jn glauben（信仰某人）。
anarchie|die Anarchie|N|名词 · 阴性 · 单数|无政府状态|希腊语，字面意思是「没有统治者」。
anderen|ander-|A|形容词 · 与格复数|其他的|allen anderen Verbänden：其他一切团体；anderen Führereigenschaften：其他领袖品质。
anderer|ander-|A|形容词 · 属格复数|其他的|im Dienst anderer Ziele：为其他目标服务。
andererseits|andererseits|D|副词|另一方面|einerseits … andererseits：一方面……另一方面。
angefangen|anfangen|I|过去分词（可分动词）|开始|von der Sippe angefangen：从氏族算起。
angeht|angehen|V|现在时 es 形式（从句末，可分动词）|关系到|was uns näher angeht：与我们关系更近的。jn angehen：关系到某人。
angesehenen|ansehen|I|过去分词作定语 · 属格阴性|被看作……的|als legitim angesehen：被视为正当的。etw. als … ansehen：把……看作……。
anhanges|der Anhang|N|名词 · 阳性 · 单数 · 属格|追随者（集体）|seines Anhanges：他的追随者的。Anhang 本义「附加物」，这里指一个人的拥护者群体。
anläßlich|anlässlich|P|介词（属格）|借……的机会|旧拼写，今天写 anlässlich。anläßlich bestimmter Fragen：借讨论某些问题的机会。
antwort|die Antwort|N|名词 · 阴性 · 单数 · 宾格|回答|die Antwort auf eine Frage：对一个问题的回答。
art|die Art|N|名词 · 阴性 · 单数|方式；种类|in einer rein formalen Art：以纯形式的方式；jede Art …：每一种……；verschiedenster Art：各种各样的。
auch|auch|D|副词|也；甚至|Auch er läßt sich …：它也……；auch keine：也没有一个。
auf|auf|P|介词（与格 / 宾格）|在……上；对；应|auf Ihren Wunsch：应诸位的要求；auf Gewalt gründen：建立在暴力上；sich auf etw. stützen：依靠；auf dem Boden：在……的土壤上。
aufgabe|die Aufgabe|N|名词 · 阴性 · 单数 · 宾格|任务|fast keine Aufgabe：几乎没有哪项任务。
aufgetreten|auftreten|I|过去分词（可分动词）|出现|ist … aufgetreten：出现过（完成时用 sein）。
augenblicks|der Augenblick|N|名词 · 阳性 · 单数 · 属格|一时；瞬间|Emporkömmling des Augenblicks：风光一时的暴发户。
aus|aus|P|介词（与格）|从……出发|definieren aus …：从……出发来定义；vom Standpunkt … aus：从……的立场出发（von … aus）。
ausgeschaltet|ausschalten|I|过去分词（可分动词）|排除|ausschalten 本义「关掉（开关）」，引申为「排除」。ausgeschaltet werden：被排除。
ausprägung|die Ausprägung|N|名词 · 阴性 · 单数 · 与格|形态；表现|in seiner höchsten Ausprägung：以其最高形态。prägen：压印、铸造。
ausschließlich|ausschließlich|D|副词|唯独；排他地|aus + schließen：把别人关在外面。
ausüben|ausüben|V|现在时 sie 形式（从句末，可分动词）|行使|Herrschaft ausüben：行使支配。
autorität|die Autorität|N|名词 · 阴性 · 单数|权威|die Autorität des ewig Gestrigen：永恒昨日的权威。
außeralltäglichen|außeralltäglich|A|形容词 · 属格阴性|非凡的；非日常的|außer（在……之外）+ alltäglich（日常的）。Weber 的术语，与 Alltag 相对，是卡里斯玛的特征。
außerordentlich|außerordentlich|D|副词|极其|außer + ordentlich：「超出常规的」。
bandenführers|der Bandenführer|N|名词 · 阳性 · 单数 · 属格|匪帮首领|Bande（帮伙）+ Führer。
banken|die Bank|N|名词 · 阴性 · 复数 · 属格|银行|复数 Banken（银行）；Bänke 是「长凳」的复数。
beamten|der Beamte|N|名词（形容词变化）· 阳性 · 单数|官员|形容词变化的名词：der Beamte, ein Beamter, des / dem / den Beamten。von einem Minister oder Beamten（与格）；des betreffenden Beamten（属格）。
beamter|der Beamte|N|名词（形容词变化）· 阳性主格|官员|ein »politischer« Beamter：一个「政治」官员。不定冠词后用 -er。
beansprucht|beanspruchen|V|现在时 sie 形式（从句末）|要求（占有）|für sich beanspruchen：为自己要求。Anspruch：要求、权利主张。
beanspruchten|beanspruchen|I|过去分词作定语 · 与格阴性|被要求的|der beanspruchten Autorität：（统治者）所要求的权威。
bedeuten|bedeuten|I|不定式|意味着|was Politik als Beruf ist und bedeuten kann：以政治为业是什么、能意味着什么。
bedeutet|bedeuten|V|现在时 es 形式|意味着|Die Hingabe … bedeutet ja, daß …：这种献身意味着……。
bedeutung|die Bedeutung|N|名词 · 阴性 · 单数|意义；重要性|der Bedeutung des politischen Tuns：政治行动的意义；von … Bedeutung sein：重要。
bedingen|bedingen|V|现在时 sie 形式|决定；制约|Motive … bedingen die Fügsamkeit：动机决定了顺从。
bedingt|bedingen|I|过去分词|受……决定的|»politisch« bedingt：出于政治考虑的。
beeinflussung|die Beeinflussung|N|名词 · 阴性 · 单数|影响|beeinflussen：施加影响。die Beeinflussung der Leitung：对领导的影响。
beginnen|beginnen|I|不定式|开始|um mit ihnen zu beginnen：先从它们讲起。
begriff|der Begriff|N|名词 · 阳性 · 单数 · 主格|概念|der Begriff »Staat«：「国家」这个概念。begreifen：理解、把握。
begründeten|begründen|I|过去分词作定语 · 属格阴性|被确立的|der durch … Regeln begründeten … »Kompetenz«：由规则所确立的权限。
begründung|die Begründung|N|名词 · 阴性 · 单数 · 主格|论证；理由|ihre innere Begründung：它们的内在论证。
beherrschten|beherrschen|I|过去分词作定语 · 复数主格|被支配的|die beherrschten Menschen：被支配的人。
bei|bei|P|介词（与格）|在……时|bei dessen Leitung：在领导它的时候。
beiden|beide|A|数词 / 形容词 · 与格复数|两个|in den beiden … Figuren：在那两种形象中。
beruf|der Beruf|N|名词 · 阳性 · 单数|职业；天职|本书的关键词。① 职业；② 天职、召唤：berufen（召唤）的名词。路德译《圣经》时用 Beruf 表达「蒙召」，Weber《新教伦理》专门讨论过这个词。
berufene|berufen|I|过去分词作定语 · 主格阳性|蒙召的|der innerlich »berufene« Leiter：内心「蒙召」的领导者。jn berufen：召唤、任命某人。
berufs|der Beruf|N|名词 · 阳性 · 单数 · 属格|天职；职业|der Gedanke des Berufs：天职的观念。
besonderen|besonder-|A|形容词 · 与格阳性|特殊的|in diesem besonderen Sinne：在这个特殊的意义上。
besonders|besonders|D|副词|格外|besonders intim：格外紧密。
bestehe|bestehen|V|虚拟式一 er 形式（从句末）|存在；存续|damit er bestehe：为了让它存续。书面语的目的从句里常用虚拟式一。
bestimmen|bestimmen|V|现在时 sie 形式|决定；规定|bestimmen die Tätigkeitssphäre：规定活动范围。
bestimmten|bestimmt|A|形容词 · 属格中性|一定的|innerhalb eines bestimmten Gebietes：在一定疆域之内。
bestimmter|bestimmt|A|形容词 · 属格复数|某些|anläßlich bestimmter Fragen：借某些问题的机会。
beständen|bestehen|V|虚拟式二 sie 形式（从句末）|存在|Wenn nur … Gebilde beständen：假如只存在……。今天多写 bestünden。
betrachtung|die Betrachtung|N|名词 · 阴性 · 单数 · 属格|考察|der soziologischen Betrachtung：社会学考察的。
betrachtungen|die Betrachtung|N|名词 · 阴性 · 复数 · 与格|考察|unseren Betrachtungen：（给）我们的考察。
betreffenden|betreffend|A|形容词（现在分词）· 属格阳性|有关的|des betreffenden Beamten：那位有关的官员的。
bezeichnen|bezeichnen|I|不定式|称为|etw. als … bezeichnen：把……称为……。
bezeichnet|bezeichnen|V|现在时 man 形式（从句末）|称为|die man als politische … bezeichnet：人们称为政治团体的。
beziehen|beziehen|V|现在时 sie 形式（从句末）|涉及|sich auf etw. beziehen：涉及……。
beziehung|die Beziehung|N|名词 · 阴性 · 单数 · 主格|关系|die Beziehung zu …：与……的关系。
boden|der Boden|N|名词 · 阳性 · 单数 · 与格|土壤；地面|auf dem Boden + 属格：在……的土壤上、在……的基础上。
bodenständigen|bodenständig|A|形容词 · 属格阳性|扎根本土的|Boden（土地）+ ständig（固定的）。
brest|Brest-Litowsk|Y|地名（前半）|布列斯特|Brest-Litowsk：布列斯特-立托夫斯克（今白俄罗斯布列斯特）。1918 年 3 月苏俄与德国在此签订和约。
charisma|das Charisma|N|名词 · 中性 · 单数|卡里斯玛；超凡魅力|希腊语「恩典的赐予」，德语对应 Gnadengabe。Weber 把它变成社会学术语：被追随者认为具有的非凡品质。
charismatische|charismatisch|A|形容词 · 主格阴性|卡里斯玛型的|»charismatische« Herrschaft：卡里斯玛型支配。
da|da|D|副词|那里；在那时|hier und da：在某时某地、这里那里。
dagegen|dagegen|D|副词|相反|与前文对比：Heute dagegen …：而今天……。
damit|damit|K|连词 / 副词|以便；借此|① 连词：Damit er bestehe：为了让它存续（从句动词在末尾）；② 副词：damit ist gemeint：这话的意思是；Damit zur Sache!：好，言归正传。
daneben|daneben|D|副词|此外|字面「在旁边」。
dann|dann|D|副词|然后；那么|Wenn …, dann …：如果……，那么……；Dann:（列举）其次。
darauf|darauf|D|代副词|对此；涉及这个|sich darauf beziehen: …：涉及以下内容。darauf 预先指向冒号后面的话。
darunter|darunter|D|代副词|（把它）理解为|darunter verstehen：把它理解为。darunter = unter + das。
das|das|T|定冠词 · 中性|（定冠词，一般不译）|中性单数主格 / 宾格。有时后面省略名词：das ihm spezifische（它特有的〔手段〕）。
das#dem|das|R|指示代词 · 中性|这；这个|单独使用、后面没有名词的 das 是指示代词：Das ist in der Tat richtig（这话确实没错）；Wann tun sie das?（他们什么时候这样做？）。
das#rel|das|R|关系代词 · 中性|（……的）那个|ein Mittel, das ihm eignet：它所具有的手段；das Prestigegefühl, das sie gibt：它带来的威望感。从句动词在末尾。
davon|davon|D|代副词|关于这个|davon ist keine Rede：绝无此意；Davon sogleich：这一点马上谈。davon = von + das。
daß|dass|K|连词|……这件事|旧拼写，今天写 dass。引导的从句动词在末尾。
definieren|definieren|I|不定式|定义|etw. aus etw. definieren：从……出发来定义。
dem|der / das|T|定冠词 · 与格单数|（定冠词，一般不译）|阳性和中性的与格。
demagoge|der Demagoge|N|名词 · 阳性 · 单数 · 主格|煽动家；民众领袖|希腊语「引领民众的人」。Weber 用它指靠演说赢得群众的政治家，不一定带贬义。
demagogen|der Demagoge|N|名词 · 阳性 · 单数 · 属格|煽动家的|弱变化名词：des Demagogen。
den|der / die|T|定冠词 · 阳性宾格 / 复数与格|（定冠词，一般不译）|阳性单数宾格（den modernen Staat），或复数与格（den Menschengruppen）。
den#rel|der|R|关系代词 · 阳性宾格|（……的）那个|Der Vortrag, den ich … zu halten habe：我要作的演讲。
denen|der / die / das|R|关系 / 指示代词 · 复数与格|（对）那些|关系代词复数与格是 denen（不是 den）。
denen#rel|der / die / das|R|关系代词 · 复数与格|（对……来说）的那些|Gebilde, denen die Gewaltsamkeit … unbekannt wäre：对它们来说暴力是陌生的那些构成物。
denjenigen|derjenige|R|指示代词 · 复数与格|那些|denjenigen Verbänden, die …：那些……的团体。derjenige 总是预告后面有关系从句。
denn|denn|K|连词|因为|并列连词，后面是正常语序：Denn das hat …；Denn hier wurzelt …。
der|der / die|T|定冠词|（定冠词，一般不译）|阳性主格 / 阴性与格 / 阴性属格 / 复数属格。点开每个 der 看它在这里的身份。
der#rel|der / die|R|关系代词|（……的）那个|形式和冠词一样，但后面是从句（动词在末尾）。
derartig|derartig|D|副词|如此|Ein derartig weiter Begriff：如此宽泛的概念。
des|der / das|T|定冠词 · 属格|（……的）|阳性和中性的属格，名词通常加 -s / -es：des Staates、des Wortes。
dessen|der / das|R|关系 / 指示代词 · 属格（阳 / 中）|其；那个的|dessen 是 der / das 作代词时的属格。
dessen#dem|der / das|R|指示代词 · 属格（阳 / 中）|其；那个……的|bei dessen Leitung：在领导它的时候；aus dem Inhalt dessen, was er tut：从「它所做之事」的内容出发。
devisenpolitik|die Devisenpolitik|N|名词 · 阴性 · 单数 · 与格|外汇政策|Devisen：外汇。
die|die|T|定冠词 · 阴性 / 复数|（定冠词，一般不译）|阴性单数或复数的主格 / 宾格。
die#rel|die|R|关系代词 · 阴性 / 复数|（……的）那个 / 那些|形式同冠词，但引导从句，从句动词在末尾。
diejenige|derjenige|R|指示代词 · 主格阴性|那种|diejenige … Gemeinschaft, welche …：……的那种共同体。
dienst|der Dienst|N|名词 · 阳性 · 单数 · 与格|服务|im Dienst + 属格：为……服务。
dies|dieser|R|指示代词 · 中性（短形式）|这一点|dies: das »Gebiet« …：这一点，即「疆域」……。dies = dieses。
diese|dieser|T|指示代词 · 阴性 / 复数|这；这些|diese Herrschaft（阴性）；diese drei Typen（复数）；daß diese sich ihm … fügen：这些人（复数，代词用法）。
diesem|dieser|T|指示代词 · 与格阳性 / 中性|这个|in diesem besonderen Sinne：在这个特殊意义上。
diesen|dieser|T|指示代词 · 宾格阳性|这个|diesen Entschluß：这个决定。
dieser|dieser|T|指示代词|这个；这些的|阴性与格（in dieser Hinsicht）、阴性属格（dieser Fügsamkeit）、复数属格（dieser reinen Typen）。
diesseitigen|diesseitig|A|形容词 · 宾格阳性|现世的|jenseitig / diesseitig：彼岸的 / 此岸的，即来世 / 现世。
diskontpolitik|die Diskontpolitik|N|名词 · 阴性 · 单数 · 与格|贴现政策|中央银行调节贴现率的政策。
dorfgemeinde|die Dorfgemeinde|N|名词 · 阴性 · 单数 · 属格|村镇|Dorf（村）+ Gemeinde（社区、乡镇）。
drei|drei|A|数词|三|im Prinzip drei：原则上有三种。
durch|durch|P|介词（宾格）|通过；由于|durch unvordenkliche Geltung：由于自古有效；durch rational geschaffene Regeln：由理性制定的规则。
