# Max Weber, Politik als Beruf — 词典（E–G）
ebenfalls|ebenfalls|D|副词|同样|= auch。
ebenso|ebenso|D|副词|同样|ebenso wie …：和……一样。
egoistischer|egoistisch|A|形容词 · 属格复数|自私的|(idealer oder egoistischer)：理想的或自私的（目标），后面省略了 Ziele。
eigen|eigen|A|形容词|特有的；自己的|jm eigen sein：为某人所特有（与格）。
eigenen|eigen|A|形容词 · 属格阳性|特有的|des nur dem Abendland … eigenen Stadtstaates：只为西方所特有的城邦。
eigentümlich|eigentümlich|A|形容词|特有的|jm eigentümlich sein：为……所特有。今天也常作「奇特的」。
eignet|eignen|V|现在时 es 形式（从句末）|为……所具有|jm eignen：为某人所具有（文雅）。今天常用的 sich eignen（适合）意思不同。
ein|ein|T|不定冠词|一个|阳性主格、中性主格 / 宾格。
eine|ein|T|不定冠词 · 阴性|一个|阴性主格 / 宾格。
einem|ein|T|不定冠词 · 与格阳性 / 中性|一个|
einer|ein|T|不定冠词 · 与格 / 属格阴性|一个（的）|einer Rede（与格）；einer Gewerkschaft、einer Herrschaft（属格）。
einerseits|einerseits|D|副词|一方面|einerseits … andererseits：一方面……另一方面。
eines|ein|T|不定冠词 · 属格阳性 / 中性|一个的|eines politischen Verbandes、eines Staates。
eingegangen|eingehen|I|过去分词（可分动词）|深入讨论|auf etw. eingehen：深入讨论某事。es kann … nicht eingegangen werden：无法深入讨论（无主语被动）。
eingetreten|eintreten|I|过去分词（可分动词）|发生；出现|dann wäre eingetreten, was …：那就会出现……。eintreten 本义「走进」。
einmal|einmal|D|副词|其一；首先|列举时：Einmal …, Dann …, Endlich …（其一……其二……其三……）。
einstellung|die Einstellung|N|名词 · 阴性 · 单数|态度；倾向|Einstellung auf etw.：对……的倾向、心态准备。
einzelnen|einzeln|A|形容词名词化 · 属格|个人|eines einzelnen：某一个人的（今天写 eines Einzelnen）。
einzelpersonen|die Einzelperson|N|名词 · 阴性 · 复数 · 与格|个人|
einzige|einzig|A|形容词 · 主格中性|唯一的|das normale oder einzige Mittel：正常的或唯一的手段。
eitler|eitel|A|形容词 · 主格阳性|虚荣的|eitel 加词尾时去掉 e：eitler。第 7 章会谈政治家的「虚荣」（Eitelkeit）。
ekklesia|die Ekklesia|N|名词 · 阴性 · 单数 · 与格|公民大会|古希腊城邦的公民大会。后来在基督教里指「教会」。
emporkömmling|der Emporkömmling|N|名词 · 阳性 · 单数|暴发户|empor（向上）+ kommen + -ling。
endlich|endlich|D|副词|最后|列举的最后一项。
enger|eng|A|形容词 · 主格阳性|狭隘的|ein enger … Emporkömmling：心胸狭窄的暴发户。
entschluß|der Entschluss|N|名词 · 阳性 · 单数|决定|旧拼写，今天写 Entschluss。von einem Entschluß（与格）、diesen Entschluß（宾格）。
entspricht|entsprechen|V|现在时 es 形式|符合|etw. (Dat.) entsprechen：符合……。
enttäuschen|enttäuschen|I|不定式|使失望|jn enttäuschen：让某人失望。
entweder|entweder|K|连词|要么|entweder … oder …：要么……要么……。
epochen|die Epoche|N|名词 · 阴性 · 复数 · 与格|时代|
er|er|R|人称代词 · 主格阳性|他；它|指人译「他」（领袖），指阳性名词译「它」（der Staat、der Entschluß）。
erfolg|der Erfolg|N|名词 · 阳性 · 单数|成功|mit Erfolg：成功地。
erfüllung|die Erfüllung|N|名词 · 阴性 · 单数 · 与格|履行|in der Erfüllung satzungsmäßiger Pflichten：在履行章程规定的义务时。
erheblicher|erheblich|A|形容词 · 与格阴性|相当大的|von sehr erheblicher Bedeutung：非常重要。
erstrebt|erstreben|V|现在时 er 形式|追求|= nach etw. streben。
erwarten|erwarten|I|不定式|期待|werden … erwarten：会期待。
es|es|R|人称代词 · 中性|它|
es#expl|es|R|形式代词（占位）|（不译）|es 只占位置，真正的主语在后面或根本没有：es gibt（有）、es versteht sich, daß …（不言而喻）、es kann … nicht eingegangen werden（无主语被动）。
etwa|etwa|D|副词|大约；（否定中）并不|nicht etwa：并不是（加强否定）。
ewig|ewig|D|副词 / 形容词|永远；永恒的|das ewig Gestrige：永恒的昨天。
fast|fast|D|副词|几乎|fast keine：几乎没有。
figuren|die Figur|N|名词 · 阴性 · 复数 · 与格|形象；人物类型|
finden|finden|V|现在时 sie 形式|找到|sich finden：存在、可以找到。
formalen|formal|A|形容词 · 与格阴性|形式的|in einer rein formalen Art：以纯形式的方式。
fortgefallen|fortfallen|I|过去分词（可分动词）|消失|würde … fortgefallen sein：就会消失。今天多写 wegfallen。
frage|die Frage|N|名词 · 阴性 · 单数|问题|von einer Frage sagen：说到一个问题；die allgemeine Frage：一般性的问题。
fragen|die Frage|N|名词 · 阴性 · 复数|问题|alle Fragen：所有问题；anläßlich bestimmter Fragen：借某些问题的机会。同形的动词 fragen 是「问」。
fragt|fragen|V|现在时 man 形式（从句末）|问|nach etw. fragen：问……。
frau|die Frau|N|名词 · 阴性 · 单数 · 属格|女人|einer klugen Frau：一个聪明女人的。
freien|frei|A|形容词 · 属格阳性|自由的|des freien »Demagogen«：自由的煽动家，指城邦里不受君主委任、靠自己演说取得影响的人。
freilich|freilich|D|副词|当然；固然|表示让步。
furcht|die Furcht|N|名词 · 阴性 · 单数|恐惧|Furcht vor etw.：对……的恐惧。
fügen|fügen|V|现在时 sie 形式（从句末）|（sich ~）服从|sich jm / einer Sache fügen：服从（与格）。fügen 本义「接合、安排」。
fügsamkeit|die Fügsamkeit|N|名词 · 阴性 · 单数|顺从|sich fügen（服从）→ fügsam（顺从的）→ Fügsamkeit。
führereigenschaften|die Führereigenschaft|N|名词 · 阴性 · 复数 · 与格|领袖品质|Führer + Eigenschaft（性质）。
führers|der Führer|N|名词 · 阳性 · 单数 · 属格|领袖的|des »Führers«：领袖的。Weber 时代这个词指一般的「领导者」，还没有后来纳粹时期的含义。
führertum|das Führertum|N|名词 · 中性 · 单数|领袖制度；领袖身份|Führer + -tum（表示身份、状态）。
für|für|P|介词（宾格）|为了；对……来说|für uns：对我们来说；für sich：为自己；maßgebend für …：对……起决定作用。
ganz|ganz|D|副词|完全；十分|Ganz ausgeschaltet：完全排除；ganz normales Mittel：完全正常的手段；des ganz großen Demagogen：真正伟大的煽动家的。
geben|geben|I|不定式|给|jm etw. geben：给某人某物。
gebiet|das Gebiet|N|名词 · 中性 · 单数|领域；疆域|das »Gebiet«：疆域；auf dem Gebiet des Politischen：在政治领域。
gebieten|das Gebiet|N|名词 · 中性 · 复数 · 与格|地区|in allen Gebieten：在一切地区。
gebietes|das Gebiet|N|名词 · 中性 · 单数 · 属格|疆域|innerhalb eines bestimmten Gebietes：在一定疆域之内。
gebilde|das Gebilde|N|名词 · 中性 · 复数|构成物；形态|soziale Gebilde：社会构成物。bilden：构成。
gedanke|der Gedanke|N|名词 · 阳性 · 单数 · 主格|观念；思想|der Gedanke des Berufs：天职的观念。
gefolgschaft|die Gefolgschaft|N|名词 · 阴性 · 单数 · 属格|扈从；追随者群体|folgen（跟随）→ Gefolge（随从）→ Gefolgschaft。
gegenwart|die Gegenwart|N|名词 · 阴性 · 单数 · 与格|当代；现在|das der Gegenwart Spezifische：当代所特有的东西。
gegründet|gründen|I|过去分词|建立|wird auf Gewalt gegründet：建立在暴力之上（被动）。
geheiligten|heiligen|I|过去分词作定语 · 属格阴性|被神圣化的|der … geheiligten Sitte：被神圣化了的习俗的。heilig：神圣的。
gehorchenden|Gehorchende（gehorchen）|N|现在分词名词化 · 属格复数|服从者|der Gehorchenden：服从者的。gehorchen：服从。
gehorsam|der Gehorsam|N|名词 · 阳性 · 单数|服从|Einstellung auf Gehorsam：服从的倾向。
gehört|gehören|V|现在时 es 形式|属于|zu etw. gehören：属于……；gehört zum Merkmal：也是特征之一。
gekannt|kennen|I|过去分词|认识；知道|haben … als … Mittel gekannt：把……当作手段。
gekorene|küren|I|过去分词作定语 · 主格阳性|被推选的|küren（选举，古语）的分词是 gekoren。der gekorene Kriegsfürst：被推举出来的战争领袖。
gekorenen|küren|I|过去分词作定语 · 属格阳性|被推选的|des gekorenen Kriegsfürsten。
geltung|die Geltung|N|名词 · 阴性 · 单数|有效性|gelten（有效）的名词。unvordenkliche Geltung：自古以来的有效；die Geltung legaler Satzung：合法章程的有效性。
gemeinschaft|die Gemeinschaft|N|名词 · 阴性 · 单数|共同体|menschliche Gemeinschaft：人类共同体。
gemeint|meinen|I|过去分词|意指|damit ist gemeint：这话的意思是。
genießen|genießen|I|不定式|享受|um … zu genießen：为了享受。
genommen|nehmen|I|过去分词|拿|in die Hand genommen：接手、承担。
gerade|gerade|D|副词|恰恰|Gerade heute：恰恰在今天。
gesamten|gesamt|A|形容词 · 属格阴性|整个的|der gesamten Lebensführung：整个生活经营的。
geschaffene|schaffen|I|过去分词作定语 · 宾格复数|被创造的|rational geschaffene Regeln：由理性制定的规则。
geschehen|geschehen|I|不定式|发生|wird … geschehen：会发生。
geschichtlich|geschichtlich|D|副词|在历史上|Geschichte（历史）的形容词 / 副词。
gestalt|die Gestalt|N|名词 · 阴性 · 单数 · 与格|形态；形象|in der Gestalt + 属格：以……的形态。
gestrigen|das Gestrige|N|形容词名词化 · 属格中性|昨天的东西|des »ewig Gestrigen«：「永恒的昨日」。gestern → gestrig → das Gestrige。
gestütztes|stützen|I|过去分词作定语 · 主格中性|依靠……的|ein auf … gestütztes Herrschaftsverhältnis：依靠……的支配关系。
gewachsen|wachsen|I|过去分词|生长|ist … gewachsen：生长起来（完成时用 sein）。
gewalt|die Gewalt|N|名词 · 阴性 · 单数|暴力；权力|Gewalt 兼有「暴力」和「权力、强制力」两义：Staatsgewalt（国家权力）。
gewaltsamkeit|die Gewaltsamkeit|N|名词 · 阴性 · 单数|暴力；强制|本书关键词。Gewalt + -sam（具有……性质）+ -keit。physische Gewaltsamkeit：物理暴力。
gewerkschaft|die Gewerkschaft|N|名词 · 阴性 · 单数 · 属格|工会|
gewesen|sein|I|过去分词|是；存在|eigen gewesen wäre：曾经专属于（虚拟式完成）。
gewohnheitsmäßige|gewohnheitsmäßig|A|形容词 · 宾格阴性|习惯性的|Gewohnheit（习惯）+ -mäßig（按照……的）。
gibt|geben|V|现在时 es 形式|给；（es gibt）有|es gibt + 宾格：有……。
gilt|gelten|V|现在时 er 形式|被视为；针对|① als … gelten：被视为……；② jm gelten：针对某人（与格）：Seiner Person … gilt die Hingabe。
glauben|glauben|V|现在时 sie 形式（从句末）|相信|an jn glauben：信仰某人。
glaubens|der Glaube|N|名词 · 阳性 · 单数 · 属格|信念|des Glaubens an …：对……的信念的。der Glaube 的属格是 des Glaubens。
gnadengabe|die Gnadengabe|N|名词 · 阴性 · 单数 · 属格|天赋；恩典的赐予|Gnade（恩典）+ Gabe（赠予）。希腊词 Charisma 的德语直译。
große|groß|A|形容词 · 主格阳性|伟大的|der große Demagoge：伟大的煽动家。
großen|groß|A|形容词 · 属格阳性|伟大的|des ganz großen Demagogen：真正伟大的煽动家的。
gründen|der Grund|N|名词（复合词后半）· 复数与格|根据；理由|»Legitimitäts«gründen = Legitimitätsgründen：正当性的根据。引号只括住前半个词，所以这里被拆开了。同形的动词 gründen 是「建立」。
