# Max Weber, Politik als Beruf — 词典（H–O）
habe|haben|V|现在时 ich 形式（从句末）|有；（+ zu）得|zu halten habe：得作（演讲）。haben + zu-不定式：必须。
haben|haben|V|现在时 sie 形式|有；（完成时助动词）|haben … gekannt：知道（现在完成时）。
halten|halten|I|不定式|举行；作|einen Vortrag halten：作演讲。
hand|die Hand|N|名词 · 阴性 · 单数 · 宾格|手|etw. in die Hand nehmen：接手、承担。
hat|haben|V|现在时 es 形式|有|mit etw. nichts zu tun haben：与……毫无关系。
heißen|heißen|I|不定式|意味着；叫做|würde … heißen：就会是指。
heißt|heißen|V|现在时 es 形式|意味着|das heißt：也就是说；heißt das：（插入）也就是说。
heldentum|das Heldentum|N|名词 · 中性 · 单数|英雄气概|Held（英雄）+ -tum。演讲结尾 Weber 会说：从政的人必须在朴素的意义上是个「英雄」。
herrschaft|die Herrschaft|N|名词 · 阴性 · 单数|支配；统治|Weber 社会学的核心概念：一个命令能在一群人那里得到服从的机会。herrschen：统治。
herrschaftsverhältnis|das Herrschaftsverhältnis|N|名词 · 中性 · 单数|支配关系|Herrschaft + Verhältnis（关系）。
herrschenden|Herrschende（herrschen）|N|现在分词名词化 · 属格复数|支配者|der jeweils herrschenden：当时的支配者的（后面省略了 Menschen）。
herrscher|der Herrscher|N|名词 · 阳性 · 单数 · 主格|统治者|der plebiszitäre Herrscher：诉诸全民表决的统治者。
heute|heute|D|副词|今天|既指「今晚这场演讲」，也指「当今时代」。
heutigen|heutig|A|形容词 · 与格阳性|今天的|in dem heutigen Vortrag：在今天的演讲里；vom heutigen Abend：今晚的。
hier|hier|D|副词|这里|hier und da：在某时某地；hier wurzelt …：……扎根于此。
hingabe|die Hingabe|N|名词 · 阴性 · 单数|献身；忠诚|sich hingeben（献出自己）的名词。Hingabe an etw.：对……的献身。
hinsicht|die Hinsicht|N|名词 · 阴性 · 单数 · 与格|方面|in dieser Hinsicht：在这方面。
historischen|historisch|A|形容词 · 与格复数|历史的|in allen … historischen Epochen：在一切历史时代。
hoffnung|die Hoffnung|N|名词 · 阴性 · 单数|希望|Hoffnung auf etw.：对……的希望。
hätte|haben|V|虚拟式二 er 形式（从句末）|（完成时助动词）|in die Hand genommen hätte：曾接手过（虚拟）。
höchst|höchst|D|副词|极其|höchst massive Motive：非常强烈的动机；höchst verwickelt：极其复杂。
höchsten|hoch|A|形容词最高级 · 与格阴性|最高的|in seiner höchsten Ausprägung：以其最高形态。
ich|ich|R|人称代词 · 主格|我|
idealer|ideal|A|形容词 · 属格复数|理想的|(idealer oder egoistischer)：理想的或自私的（目标）。
ihm|er / es|R|人称代词 · 与格|（给）他；它|ihm eignet：为它所具有；ihm spezifische：它特有的；sich ihm fügen：服从他；ihm ähneln：与他相似。
ihn|er|R|人称代词 · 宾格阳性|他|an ihn glauben：信仰他。
ihnen|sie|R|人称代词 · 复数与格|它们|mit ihnen：从它们（三种理由）开始。
ihre|ihr|T|物主代词|她的；它的；他们的|ihre Innehaltung：对它（习俗）的遵守；ihre innere Begründung：它们的内在论证。
ihren|ihr|T|物主代词 · 宾格阳性 / 与格复数|她的；它的|ihren Mann：她的丈夫（宾格阳性）；ihren Qualitäten：它的品质（与格复数，指 Person）。
ihren#you|ihr|T|物主代词（尊称 Ihr）· 宾格阳性|您的；诸位的|大写的 Ihr 是尊称 Sie 的物主代词：auf Ihren Wunsch，应诸位的要求。
ihrer|ihr|T|物主代词 · 与格 / 属格阴性|他们的；她的|von ihrer Seite：从他们一方（与格阴性）。
ihrer#gpron|sie|R|人称代词 sie 的属格|它（的）|um ihrer selbst willen：为了它本身。这里 ihrer 不是物主代词，而是 sie（= die Macht）的属格，受 um … willen 支配。
im|in + dem|P|介词与冠词缩合 · 与格|在……中|im Dienst：为……服务；im Prinzip：原则上；im Kriege：在战争中；im wesentlichen：大体上。
immer|immer|D|副词|总是；永远|
in|in|P|介词（与格 / 宾格）|在……里|与格表位置（in der Realität），宾格表方向（in die Hand nehmen）。
inhalt|der Inhalt|N|名词 · 阳性 · 单数 · 与格|内容|aus dem Inhalt：从内容出发。
inhalte|der Inhalt|N|名词 · 阳性 · 复数 · 宾格|内容|welche Inhalte：什么样的内容。
innehaltung|die Innehaltung|N|名词 · 阴性 · 单数|遵守|innehalten：遵守（今天更常说 einhalten）。
innere|inner|A|形容词 · 主格阴性|内在的|ihre innere Begründung：它们的内在论证。
inneren|inner|A|形容词 · 属格 / 宾格复数|内在的|der inneren Rechtfertigungen；welche inneren Rechtfertigungsgründe。
innerhalb|innerhalb|P|介词（属格）|在……之内|innerhalb eines Staates：在一个国家之内。
innerlich|innerlich|D|副词|内心地|der innerlich »berufene« Leiter：内心蒙召的领导者。
interessen|das Interesse|N|名词 · 中性 · 复数|利益|Interessen verschiedenster Art：各种各样的利益。
interessiert|interessieren|V|现在时 es 形式|使感兴趣|Uns interessiert …：……让我们感兴趣。
intim|intim|A|形容词|亲密的；紧密的|
ist|sein|V|现在时 er / es 形式|是|
ja|ja|Z|语气词|（大家都知道）；甚至|① 语气词：Das entspricht ja auch …（这当然也符合……）；② 递进：ja schließlich：甚至还有。
jede|jeder|T|不定代词 · 宾格阴性|每一|jede Art：每一种。
jedem|jeder|T|不定代词 · 与格阳性|每一个|wie jedem politischen Verband：像每一个政治团体一样。
jeder|jeder|T|不定代词 · 主格阳性|每一个|Jeder Staat：每一个国家。
jederzeit|jederzeit|D|副词|在任何时候|
jene|jener|T|指示代词 · 宾格阴性 / 复数|那个；那些|auf jene Frage：那个问题；alle jene Träger：所有那些承担者。jener 指较远的、前面提过的。
jenen|jener|T|指示代词 · 与格复数|那些|von jenen Typen：那些类型中的。
jenseitigen|jenseitig|A|形容词 · 宾格阳性|来世的|jenseits：在那一边，即彼岸。
jeweils|jeweils|D|副词|各个时候的；分别|der jeweils herrschenden：当时的支配者的。
jüngerschaft|die Jüngerschaft|N|名词 · 阴性 · 单数 · 属格|门徒（群体）|Jünger：门徒（如耶稣的门徒）。
kann|können|V|现在时 er / man 形式|能|
keine|kein|T|否定冠词 · 阴性 / 复数|没有|keine Aufgabe：没有哪项任务；davon ist keine Rede：绝无此意。也可单独用：auch keine（也没有一个）。
klugen|klug|A|形容词 · 属格阴性|聪明的|einer klugen Frau：一个聪明女人的。
kombinationen|die Kombination|N|名词 · 阴性 · 复数|组合|
kompetenz|die Kompetenz|N|名词 · 阴性 · 单数|权限|行政法意义上的「管辖权、权限」，不是今天常说的「能力」。
kondottiere|der Kondottiere|N|名词 · 阳性 · 单数 · 属格|雇佣兵队长|意大利语 condottiere，文艺复兴时期替城邦打仗的雇佣军首领。
kraft|kraft|P|介词（属格）|凭借|kraft »Legalität«：凭借合法性；kraft des Glaubens：凭借信念；kraft Sitte oder Satzung：凭借习俗或章程。名词 die Kraft 是「力量」。
kriege|der Krieg|N|名词 · 阳性 · 单数 · 与格|战争|im Kriege：在战争中（古式与格 -e）。
kriegsfürst|der Kriegsfürst|N|名词 · 阳性 · 单数 · 主格|战争领袖|Krieg + Fürst（君主、首领）。
kriegsfürsten|der Kriegsfürst|N|名词 · 阳性 · 单数 · 属格|战争领袖的|弱变化名词：des Kriegsfürsten。
kultur|die Kultur|N|名词 · 阴性 · 单数 · 与格|文化|der mittelländischen Kultur：（为）地中海文化（所特有）。
könnte|können|V|虚拟式二 man 形式（从句末）|可以|von der man sagen könnte：关于它人们可以说。
lebensführung|die Lebensführung|N|名词 · 阴性 · 单数 · 属格|生活经营|Leben + Führung（引导、经营）。Weber 的关键词：一个人按什么原则来安排自己的整个生活。
lebt|leben|V|现在时 er 形式|生活；为……而活|einer Sache leben：为某事而活（与格）。第 3 章的著名区分：für die Politik leben / von der Politik leben。
legaler|legal|A|形容词 · 属格阴性|合法的|legaler Satzung：合法章程的（无冠词，形容词带 -er）。
legalität|die Legalität|N|名词 · 阴性 · 单数|合法性|合乎制定的法律。与 Legitimität（正当性）不同：前者是合乎法律，后者是被认为正当。
legitim|legitim|A|形容词|正当的|als legitim angesehen：被视为正当的。
legitimen|legitim|A|形容词 · 属格阴性|正当的|der legitimen … Gewaltsamkeit：正当暴力的。
legitimer|legitim|A|形容词 · 属格阴性|正当的|legitimer physischer Gewaltsamkeit：正当物理暴力的（无冠词，形容词带 -er）。
legitimitäts|die Legitimität|S|复合词前半（带连接音 -s）|正当性（的）|»Legitimitäts«gründen = Legitimitätsgründen。-s 是复合词里的连接音。
legitimitätsgründe|der Legitimitätsgrund|N|名词 · 阳性 · 复数 · 属格|正当性根据|Legitimität + s + Grund。
legitimitätsvorstellungen|die Legitimitätsvorstellung|N|名词 · 阴性 · 复数|正当性观念|Vorstellung：观念、表象。
leitender|leitend|A|现在分词作定语 · 属格阴性|领导着的|selbständig leitender Tätigkeit：独立进行领导的活动。leiten：领导。
leiter|der Leiter|N|名词 · 阳性 · 单数 · 主格|领导者|leiten：领导。同形的 die Leiter 是「梯子」。
leitung|die Leitung|N|名词 · 阴性 · 单数|领导|die Leitung … eines politischen Verbandes：一个政治团体的领导。
lenken|lenken|I|不定式|驾驭；操纵|ihren Mann zu lenken trachtet：设法驾驭她的丈夫。本义「掌舵、驾驶」。
letztlich|letztlich|D|副词|归根到底|
liegt|liegen|V|现在时 er 形式|位于；（zugrunde ~）作为基础|etw. (Dat.) zugrunde liegen：是……的基础。
litowsk|Brest-Litowsk|Y|地名（后半）|立托夫斯克|Brest-Litowsk：布列斯特-立托夫斯克，见 Brest。
lohn|der Lohn|N|名词 · 阳性 · 单数 · 宾格|报偿；工资|Hoffnung auf … Lohn：对报偿的希望。
läßt|lassen|V|现在时 er 形式|让；（sich ~）能被……|sich lassen + 不定式：能被……：er läßt sich nicht definieren（它无法被定义）。今天写 lässt。
macht|die Macht|N|名词 · 阴性 · 单数|权力|本书关键词。Weber 的定义：在社会关系中，即使遭到反抗也能贯彻自己意志的机会。
machtanteil|der Machtanteil|N|名词 · 阳性 · 单数|权力份额|Macht + Anteil（份额）。
machterhaltungs|die Machterhaltung|S|复合词前半（后半省略）|维持权力（的）|Machterhaltungs- = Machterhaltungsinteressen：维持权力的利益。连字符表示和后面的词共用 -interessen。
machthabers|der Machthaber|N|名词 · 阳性 · 单数 · 属格|掌权者的|Macht + haben + -er：「有权力的人」。
machtverschiebungsinteressen|das Machtverschiebungsinteresse|N|名词 · 中性 · 复数|转移权力的利益|Macht + Verschiebung（推移）+ s + Interesse。
machtverteilung|die Machtverteilung|N|名词 · 阴性 · 单数|权力分配|Macht + Verteilung（分配）。
machtverteilungs|die Machtverteilung|S|复合词前半（后半省略）|分配权力（的）|Machtverteilungs- = Machtverteilungsinteressen。
magiers|der Magier|N|名词 · 阳性 · 单数 · 属格|巫师的|
magischer|magisch|A|形容词 · 属格复数|巫术的|magischer Mächte：巫术力量的。
man|man|R|不定代词|人们|泛指的主语，常译成「人们」或干脆不译。
mann|der Mann|N|名词 · 阳性 · 单数 · 宾格|丈夫；男人|ihren Mann：她的丈夫。
massive|massiv|A|形容词 · 主格复数|强烈的|höchst massive Motive：非常强烈的动机。
maßgebend|maßgebend|A|形容词|起决定作用的|maßgebend für：对……起决定作用。Maß（尺度）+ geben。
mehr|mehr|D|副词|更多|mehr als：不只是。
menschen|der Mensch|N|名词 · 阳性 · 复数|人|von Menschen über Menschen：人对人的。弱变化名词，复数 Menschen。
menschengruppen|die Menschengruppe|N|名词 · 阴性 · 复数 · 与格|人群|
menschliche|menschlich|A|形容词 · 主格阴性|人类的|menschliche Gemeinschaft：人类共同体。
merkmal|das Merkmal|N|名词 · 中性 · 单数 · 与格|特征|gehört zum Merkmal：属于特征之一。
minister|der Minister|N|名词 · 阳性 · 单数 · 与格|部长|
mit|mit|P|介词（与格）|和；用|mit Erfolg：成功地；mit ihnen beginnen：从它们开始；mit etw. nichts zu tun haben：与……无关。
mittel|das Mittel|N|名词 · 中性 · 单数|手段|本书关键词：Weber 用「手段」而不是「目的」来定义国家。复数也是 Mittel。
mittelländischen|mittelländisch|A|形容词 · 与格阴性|地中海的|今天说 mediterran。
moderne|modern|A|形容词 · 主格阳性|现代的|der moderne »Staatsdiener«。
modernen|modern|A|形容词 · 宾格 / 属格阳性|现代的|den modernen Staat；des modernen Staates。
monopol|das Monopol|N|名词 · 中性 · 单数 · 宾格|垄断|das Monopol + 属格：对……的垄断。
motive|das Motiv|N|名词 · 中性 · 复数|动机|
mächte|die Macht|N|名词 · 阴性 · 复数|力量；势力|magischer Mächte：巫术力量的（属格复数）。
müssen|müssen|V|现在时 sie / wir 形式|必须|
nach|nach|P|介词（与格）|朝着；对|Streben nach …：对……的追求；nach etw. fragen：问……；nach etw. trachten：追求；nach verschiedenen Richtungen：在不同方向上。
natürlich|natürlich|D|副词|当然|
nicht|nicht|D|副词|不|
nichts|nichts|R|不定代词|什么也没有|mit etw. nichts zu tun haben：与……毫无关系。
normale|normal|A|形容词 · 主格中性|正常的|das normale … Mittel。
normales|normal|A|形容词 · 宾格中性|正常的|als ganz normales Mittel：作为完全正常的手段。
notwendig|notwendig|D|副词|必然地|形容词本义「必要的」，这里作副词：必然地。
nun|nun|D|副词|现在；那么|Was ist nun aber …?：那么……是什么？
nur|nur|D|副词|只|
näher|nah|D|副词（比较级）|更近地|was uns näher angeht：与我们关系更近的。
oder|oder|K|连词|或者|entweder … oder：要么……要么。
offenbarungen|die Offenbarung|N|名词 · 阴性 · 复数 · 与格|启示|offenbaren：揭示。宗教意义上的「启示」。
okzident|der Okzident|N|名词 · 阳性 · 单数 · 与格|西方|拉丁语 occidens（日落处）。= Abendland。
