# Max Weber, Politik als Beruf — 词典（P–Z）
parlament|das Parlament|N|名词 · 中性 · 单数 · 与格|议会|im Parlament：在议会里。
parlamentarischen|parlamentarisch|A|形容词 · 属格阳性|议会的|des parlamentarischen »Parteiführers«：议会里的政党领袖的。
parteiführer|der Parteiführer|N|名词 · 阳性 · 单数 · 主格|政党领袖|Partei + Führer。
parteiführers|der Parteiführer|N|名词 · 阳性 · 单数 · 属格|政党领袖的|
parteigängerschaft|die Parteigängerschaft|N|名词 · 阴性 · 单数 · 属格|党羽|Parteigänger：党羽、拥护者（「跟着某一方走的人」）。
patriarch|der Patriarch|N|名词 · 阳性 · 单数 · 主格|家父长|父权家族的家长。
patrimonialfürst|der Patrimonialfürst|N|名词 · 阳性 · 单数 · 主格|家产制君主|patrimonium（拉丁语：父亲传下的家产）+ Fürst。把国家当作自家产业、把官员当作家仆的君主。
person|die Person|N|名词 · 阴性 · 单数 · 与格|人；个人|Seiner Person … gilt die Hingabe：献身指向他这个人。
persönlich|persönlich|D|副词|本人；作为个人|daß er persönlich als … gilt：他本人被视为……。
persönliche|persönlich|A|形容词 · 主格 / 宾格|个人的|die ganz persönliche Hingabe；das rein persönliche »Charisma«。
persönlichen|persönlich|A|形容词 · 属格阴性|个人的|der … persönlichen Gnadengabe；der ganz persönlichen Parteigängerschaft。
pflichten|die Pflicht|N|名词 · 阴性 · 复数|义务|satzungsmäßiger Pflichten：章程规定的义务的（属格复数）。
physische|physisch|A|形容词 · 宾格阴性|物理的；身体的|physische Gewaltsamkeit：物理暴力，即对人身的强制。
physischen|physisch|A|形容词 · 与格阴性|物理的|der physischen Gewaltsamkeit；zur physischen Gewaltsamkeit。
physischer|physisch|A|形容词 · 属格阴性|物理的|legitimer physischer Gewaltsamkeit。
plebiszitäre|plebiszitär|A|形容词 · 主格阳性|诉诸全民表决的|Plebiszit：全民公决（拉丁语 plebs 平民 + scitum 决议）。
politik|die Politik|N|名词 · 阴性 · 单数|政治；政策|本书关键词。Weber 的定义：争取分享权力或影响权力的分配。
politisch|politisch|D|副词|政治上|»politisch« bedingt：出于政治考虑。
politische|politisch|A|形容词|政治的|eine »politische« Frage；das politische Führertum；als politische（Verbände）。
politischen|politisch|A|形容词 · 与格 / 属格|政治的|des politischen Tuns；eines politischen Verbandes；jedem politischen Verband。
politischer|politisch|A|形容词 · 主格阳性|政治的|ein politischer Verband；ein »politischer« Beamter。
prestigegefühl|das Prestigegefühl|N|名词 · 中性 · 单数 · 宾格|威望感|Prestige（威望，法语借词）+ Gefühl（感觉）。
prinzip|das Prinzip|N|名词 · 中性 · 单数 · 与格|原则|im Prinzip：原则上。
problemen|das Problem|N|名词 · 中性 · 复数 · 与格|问题|zu den Problemen + 属格：属于……的问题。
prophet|der Prophet|N|名词 · 阳性 · 单数 · 主格|先知|
propheten|der Prophet|N|名词 · 阳性 · 单数 · 属格|先知的|弱变化名词：des Propheten。
qualitäten|die Qualität|N|名词 · 阴性 · 复数 · 与格|品质|ihren Qualitäten：他的（这个人的）品质。
quelle|die Quelle|N|名词 · 阴性 · 单数|来源；泉源|alleinige Quelle：唯一的来源。
rache|die Rache|N|名词 · 阴性 · 单数 · 与格|报复|Furcht vor der Rache：对报复的恐惧。
rational|rational|D|副词|理性地|rational geschaffene Regeln：由理性制定的规则。
realität|die Realität|N|名词 · 阴性 · 单数 · 与格|现实|in der Realität：在现实中。
recht|das Recht|N|名词 · 中性 · 单数 · 宾格|权利；法|das Recht zu etw.：做……的权利。
rechtfertigungen|die Rechtfertigung|N|名词 · 阴性 · 复数 · 属格|正当化理由|rechtfertigen：证明……是正当的（recht + fertigen：做成正当的）。
rechtfertigungsgründe|der Rechtfertigungsgrund|N|名词 · 阳性 · 复数 · 宾格|正当化理由|
rechts|das Recht|N|名词 · 中性 · 单数 · 属格|权利|des »Rechts« auf Gewaltsamkeit：使用暴力的「权利」的。
rede|die Rede|N|名词 · 阴性 · 单数|演讲；谈论|In einer Rede：在一场演讲里；davon ist keine Rede：绝无此意。
regeln|die Regel|N|名词 · 阴性 · 复数|规则|
reichsbank|die Reichsbank|N|名词 · 阴性 · 单数 · 属格|帝国银行|1876–1945 年德国的中央银行。
rein|rein|D|副词|纯粹地|rein formal：纯形式的；rein persönlich：纯粹个人的。
reinen|rein|A|形容词 · 复数|纯粹的|die reinen Typen：纯粹类型。
richtig|richtig|A|形容词|对的|
richtungen|die Richtung|N|名词 · 阴性 · 复数 · 与格|方向|nach verschiedenen Richtungen：在好几个方面。
sache|die Sache|N|名词 · 阴性 · 单数|事情；事业|① zur Sache：言归正传；② einer Sache leben：为一项事业而活。Sache 是本书后半的关键词：政治家要献身于一项「事业」。
sachlichen|sachlich|A|形容词 · 属格阴性|事务上的；客观的|sachliche »Kompetenz«：按事务划分的权限。
sagen|sagen|I|不定式|说|
sagt|sagen|V|现在时 man 形式（从句末）|说|von etw. sagen：说到……。
sagte|sagen|V|过去时 er 形式|说过|
satzung|die Satzung|N|名词 · 阴性 · 单数|章程；制定法|setzen（设立）的名词：人为制定的规则。与 Sitte（习俗）相对。
satzungsmäßiger|satzungsmäßig|A|形容词 · 属格复数|章程规定的|Satzung + -mäßig（按照……的）。
schlages|der Schlag|N|名词 · 阳性 · 单数 · 属格|类型；一击|alten Schlages：旧式的（属格作状语）。Schlag 本义「击打」，引申为「铸造出的类型」。
schließlich|schließlich|D|副词|最后；甚至|ja schließlich：甚至还有。
schlusse|der Schluss|N|名词 · 阳性 · 单数 · 与格|结尾|am Schlusse：在结尾（古式与格 -e）。
schulpolitik|die Schulpolitik|N|名词 · 阴性 · 单数 · 与格|学校政策|
sehr|sehr|D|副词|很|
sei|sein|V|虚拟式一 er / es 形式|是|① 转述：sie sei eine politische Frage（说它是一个政治问题）；② sei es …, sei es …：无论是……还是……。
sein|sein|I|不定式|是|würde … fortgefallen sein：就会消失。
seinem|sein|T|物主代词 · 与格|他的；自己的|seinem politischen Tun：（给）自己的政治行动；nach seinem Werk：他的作品。
seiner|sein|T|物主代词 · 与格阴性|他的；它的|seiner Sache：他的事业；Seiner Person：他这个人；in seiner höchsten Ausprägung：以其最高形态。
seinerzeit|seinerzeit|D|副词|当时|seiner Zeit：在他那个时候。
seines|sein|T|物主代词 · 属格阳性|他的|seines Anhanges：他的追随者的。
seite|die Seite|N|名词 · 阴性 · 单数 · 与格|方面；一边|von ihrer Seite：从他们一方。
selbst|selbst|D|副词|自己；本身|Er selbst：他本人；um ihrer selbst willen：为了它本身。
selbständig|selbständig|D|副词|独立地|今天也写 selbstständig。
selten|selten|D|副词|很少|
sich|sich|R|反身代词|自己|für sich：为自己。
sich#refl|sich|R|反身代词（反身动词的一部分）|（不译）|反身动词的一部分，一般不译：sich beziehen、sich lassen、sich fügen、sich stützen、sich verstehen、sich finden。
sie|sie|R|人称代词|她；它；他们|sie 可指阴性单数或复数，大写 Sie 是尊称「您」。点开句中的 sie 看具体所指。
sie#her|sie|R|人称代词 · 阴性单数宾格|它|wie sie der Patriarch … übten：家父长所行使的那种（支配）；der Staat sie … zuläßt：国家允许它（暴力）。
sie#she|sie|R|人称代词 · 阴性单数主格|它|指阴性名词：die Aufgabe、die Frage、die Macht。
sie#they|sie|R|人称代词 · 复数主格|他们|Wann tun sie das?：他们（被支配的人）什么时候这样做？
sie#you|Sie|R|人称代词（尊称）|您；诸位|大写的 Sie 是尊称，这里是 Weber 对听众说话：wird Sie … enttäuschen（会让诸位失望）。
sind|sein|V|现在时 sie 形式|是|
sinne|der Sinn|N|名词 · 阳性 · 单数 · 与格|意义|in diesem besonderen Sinne：在这个特殊意义上（古式与格 -e）。
sippe|die Sippe|N|名词 · 阴性 · 单数 · 与格|氏族|由血缘结成的团体。
sitte|die Sitte|N|名词 · 阴性 · 单数|习俗|传统型支配的基础，与 Satzung（制定的规则）相对。
so|so|D|副词|这样；那么|① Wenn …, so …：如果……，那么……；② so weit …, als …：在……的范围内。
sogleich|sogleich|D|副词|立刻|= sofort。
soll|sollen|V|现在时 man 形式（从句末）|应当|
sondern|sondern|K|连词|而是|nicht …, sondern …：不是……而是……。
soziale|sozial|A|形容词 · 主格复数|社会的|soziale Gebilde：社会构成物。
soziologisch|soziologisch|D|副词|在社会学上|
soziologischen|soziologisch|A|形容词 · 属格阴性|社会学的|der soziologischen Betrachtung：社会学考察的。
spezifische|spezifisch|A|形容词 · 中性|特有的|das ihm spezifische（Mittel）：它特有的手段；das … Spezifische（名词化）：特有的东西。
spezifischen|spezifisch|A|形容词 · 与格中性|特有的|aus einem spezifischen Mittel：从一种特有的手段出发。
sprachgebrauch|der Sprachgebrauch|N|名词 · 阳性 · 单数 · 与格|语言用法|Sprache + Gebrauch（使用）。
sprechen|sprechen|I|不定式|谈|von etw. sprechen：谈到……。
spricht|sprechen|V|现在时 man 形式|谈|Man spricht von …：人们会说到……。
staat|der Staat|N|名词 · 阳性 · 单数|国家|本书关键词。Weber 的定义：在一定疆域内（成功地）要求垄断正当物理暴力的人类共同体。
staaten|der Staat|N|名词 · 阳性 · 复数|国家|zwischen Staaten：国家之间。
staates|der Staat|N|名词 · 阳性 · 单数 · 属格|国家的|des Staates；eines Staates。
staatsdiener|der Staatsdiener|N|名词 · 阳性 · 单数 · 主格|国家公仆|Staat + Diener（仆人），即官员。
staatslehre|die Staatslehre|N|名词 · 阴性 · 单数 · 属格|国家学|allgemeine Staatslehre：一般国家学，当时德国大学的一门学科。
stadt|die Stadt|N|名词 · 阴性（复合词前半）|城镇|Stadt- oder Dorfgemeinde = Stadtgemeinde oder Dorfgemeinde。
stadtstaates|der Stadtstaat|N|名词 · 阳性 · 单数 · 属格|城邦的|Stadt + Staat。指古希腊、罗马和中世纪意大利的城邦。
standpunkt|der Standpunkt|N|名词 · 阳性 · 单数 · 与格|立场；角度|vom Standpunkt … aus：从……的角度。
stellungnahme|die Stellungnahme|N|名词 · 阴性 · 单数 · 宾格|表态|Stellung nehmen（表明立场）的名词。
streben|das Streben|N|名词（动词名词化）· 中性|追求|Streben nach …：对……的追求。
streik|der Streik|N|名词 · 阳性 · 单数 · 与格|罢工|英语 strike 的借词。
struktur|die Struktur|N|名词 · 阴性 · 单数 · 宾格|结构|
stößt|stoßen|V|现在时 man 形式|碰到|auf etw. stoßen：碰到、遇到。
stützt|stützen|V|现在时 sie 形式|支撑|sich auf etw. stützen：依靠。
tagesfragen|die Tagesfrage|N|名词 · 阴性 · 复数 · 与格|时事问题|Tag（天）+ Frage：当天的问题。
tat|die Tat|N|名词 · 阴性 · 单数 · 与格|行为|in der Tat：确实。
traditionale|traditional|A|形容词 · 主格阴性|传统型的|Weber 的术语，不用常见的 traditionell。
treiben|treiben|I|不定式|从事；推行|Politik treiben：搞政治、推行政治。
treibt|treiben|V|现在时 er 形式（从句末）|从事|Wer Politik treibt：搞政治的人。
trotzkij|Trotzkij|Y|人名|托洛茨基|Leo Trotzki（1879–1940），俄国革命家，1918 年在布列斯特-立托夫斯克和谈中代表苏俄。
trachtet|trachten|V|现在时 sie / er 形式|力求；追求|① zu tun trachten：设法做（die ihren Mann zu lenken trachtet）；② nach etw. trachten：追求（»trachtet nach seinem Werk«）。文雅用语。
träger|der Träger|N|名词 · 阳性 · 复数|承担者|Träger von Macht：权力的承担者。tragen：承担、携带。
tun|tun|V|现在时 sie 形式 / 不定式|做|Wann … tun sie das?：他们什么时候这样做？mit etw. nichts zu tun haben：与……无关。
tuns|das Tun|N|名词（动词名词化）· 中性 · 属格|行动|des politischen Tuns：政治行动的。
tut|tun|V|现在时 er 形式（从句末）|做|was er tut：它所做的事。
typen|der Typus|N|名词 · 阳性 · 复数|类型|der Typus，复数 Typen。
tätigkeit|die Tätigkeit|N|名词 · 阴性 · 单数 · 属格|活动|tätig：在活动的、在工作的。
tätigkeitssphäre|die Tätigkeitssphäre|N|名词 · 阴性 · 单数 · 宾格|活动范围|Tätigkeit + s + Sphäre（领域）。
um|um|P|介词 / 连词|为了|① um … zu：为了……（um mit ihnen zu beginnen；um … zu genießen）；② um … willen：为了……的缘故。
umfaßt|umfassen|V|现在时 er 形式|包含|旧拼写，今天写 umfasst。
umschließt|umschließen|V|现在时 er 形式（从句末）|包括；包围|
unbekannt|unbekannt|A|形容词|陌生的|jm unbekannt sein：某人不知道（与格）。
und|und|K|连词|和|
uns|wir|R|人称代词 · 与格 / 宾格|我们|für uns：对我们来说；Uns interessiert：让我们感兴趣；was uns … angeht：与我们有关的。
unseren|unser|T|物主代词 · 与格复数|我们的|unseren Betrachtungen：我们的考察。
unter|unter|P|介词（与格 / 宾格）|在……之下|unter etw. etw. verstehen：把……理解为……。
unvordenkliche|unvordenklich|A|形容词 · 宾格阴性|自古以来的|un- + vordenken（往前想）+ -lich：「往前想也想不到起点的」。
unwillkürlich|unwillkürlich|D|副词|不由自主地|un- + willkürlich（随意的）。
verband|der Verband|N|名词 · 阳性 · 单数|团体|Weber 的术语：有领导者（通常还有行政班子）、对外有界限的社会关系。politischer Verband：政治团体。
verbandes|der Verband|N|名词 · 阳性 · 单数 · 属格|团体的|
verbände|der Verband|N|名词 · 阳性 · 复数|团体|
verbänden|der Verband|N|名词 · 阳性 · 复数 · 与格|团体|
vereinsvorstandes|der Vereinsvorstand|N|名词 · 阳性 · 单数 · 属格|社团理事会|Verein（社团）+ Vorstand（理事会）。
verfassungsstaates|der Verfassungsstaat|N|名词 · 阳性 · 单数 · 属格|立宪国家的|Verfassung（宪法）+ s + Staat。
vergangenheit|die Vergangenheit|N|名词 · 阴性 · 单数 · 与格|过去|in der Vergangenheit：在过去。
verschiedenen|verschieden|A|形容词 · 与格复数|不同的|nach verschiedenen Richtungen：在不同方向上。
verschiedensten|verschieden|A|形容词最高级 · 主格复数|各种各样的|die verschiedensten Verbände：各种各样的团体。
verschiedenster|verschieden|A|形容词最高级 · 属格阴性|各种各样的|Interessen verschiedenster Art：各种各样的利益。
verstehen|verstehen|V|现在时 wir 形式 / 不定式|理解|unter etw. etw. verstehen：把……理解为……。
versteht|verstehen|V|现在时 es 形式|理解|es versteht sich：不言而喻。
vertrauen|das Vertrauen|N|名词 · 中性 · 单数|信任|Vertrauen zu etw.：对……的信任。
verwickelten|verwickelt|A|形容词 · 宾格复数|复杂的|verwickeln：缠绕。
vielmehr|vielmehr|D|副词|相反；毋宁说|承接前面的否定：nicht …, vielmehr …。
vollends|vollends|D|副词|完全；更不用说|递进：jederzeit, vollends: immer …（在任何时候，更不用说永远）。
vom|von + dem|P|介词与冠词缩合 · 与格|从|vom Standpunkt … aus：从……的角度；vom heutigen Abend：今晚的。
von|von|P|介词（与格）|从；关于；……的|von etw. sprechen：谈到……；von der Sippe angefangen：从氏族算起；von Menschen über Menschen：人对人的。
vor|vor|P|介词（与格 / 宾格）|在……前；对……（恐惧）|Furcht vor etw.：对……的恐惧；vor allem：首先、尤其。
vorausgehenden|vorausgehend|A|现在分词作定语 · 主格复数|先于……的|die ihm … vorausgehenden … Verbände：先于它的团体。jm vorausgehen：走在某人前面。
vorfahren|der Vorfahr|N|名词 · 阳性 · 复数|前身；祖先|die Vorfahren des modernen Staates：现代国家的前身。
vortrag|der Vortrag|N|名词 · 阳性 · 单数|演讲；报告|einen Vortrag halten：作演讲。
wann|wann|D|疑问副词|什么时候|
waren|sein|V|过去时 sie 形式（从句末）|是|
warum|warum|D|疑问副词|为什么|
was|was|R|疑问 / 关系代词|什么；……的东西|① 疑问：Was ist …?；② 关系：was er tut（它所做的事）；was man … bezeichnen würde（人们会称为……的东西）。
weil|weil|K|连词|因为|从句动词在末尾：weil sie an ihn glauben。
weit|weit|A|形容词|宽泛的；广的|Der Begriff ist … weit：概念很宽；so weit …, als …：在……的范围内。
weiter|weit|A|形容词 · 主格阳性|宽泛的|ein derartig weiter Begriff：如此宽泛的概念。
welche|welcher|T|疑问 / 关系代词|哪个；（……的）那个|① 疑问：welche Politik（什么样的政治）；② 关系：welche … die Vorfahren … waren（……的那些）；diejenige … Gemeinschaft, welche …（……的那种共同体）。welcher 作关系代词比 der 更书面。
wenn|wenn|K|连词|如果；当……时|从句动词在末尾。
wer|wer|R|疑问 / 关系代词|谁；……的人|Wer Politik treibt, …：搞政治的人……。
werden|werden|V|现在时 sie / wir 形式|将会；被|① 将来时：werden Sie … erwarten；② 被动：ausgeschaltet werden、eingegangen werden。
werk|das Werk|N|名词 · 中性 · 单数 · 与格|作品；事业|nach seinem Werk trachten：追求自己的作品（化用尼采）。
wesentlichen|wesentlich|A|形容词名词化|本质|im wesentlichen：大体上（今天写 im Wesentlichen）。
wichtigsten|wichtig|A|形容词最高级 · 与格复数|最重要的|
wie|wie|K|连词 / 副词|如同；像|① wie jedem politischen Verband：像每一个政治团体一样；② wie sie … übten：……所行使的那种；③ ebenso wie：和……一样。
willen|um … willen|P|介词（与 um 搭配，属格）|为了……的缘故|um ihrer selbst willen：为了它本身。名词 der Wille 是「意志」。
wir|wir|R|人称代词 · 主格|我们|
wird|werden|V|现在时 er / es 形式|将会；被|① 将来：wird Sie … enttäuschen；② 被动：wird … gegründet。
wirklichkeit|die Wirklichkeit|N|名词 · 阴性 · 单数 · 与格|现实|
wohl|wohl|D|副词|确实；大概|wohl aber：但确实是。
wollen|wollen|V|现在时 wir 形式|想要|Wir wollen … verstehen：我们想把……理解为。
wortes|das Wort|N|名词 · 中性 · 单数 · 属格|词|in diesem besonderen Sinne des Wortes：在这个词的特殊意义上。
wunsch|der Wunsch|N|名词 · 阳性 · 单数 · 宾格|愿望；要求|auf js Wunsch：应某人的要求。
wurzelt|wurzeln|V|现在时 er 形式|扎根|in etw. wurzeln：扎根于……。Wurzel：根。
wäre|sein|V|虚拟式二 er / es 形式|会是|unbekannt wäre；eigen gewesen wäre；dann wäre eingetreten …：那就会出现……。
würde|werden|V|虚拟式二 er / es 形式|会|würde fortgefallen sein；würde … heißen；bezeichnen würde：虚拟式二的复合形式。
ziele|das Ziel|N|名词 · 中性 · 复数 · 属格|目标|anderer Ziele：其他目标的。
zu|zu|P|介词（与格）/ 不定式标记|到；对|① 介词：eine Stellungnahme zu …（对……的表态）、Vertrauen zu …；② 不定式：zu halten、zu lenken、zu tun、zu beginnen。
zuerst|zuerst|D|副词|首先；起初|zuerst …, und dann …：先……，然后……。
zugrunde|zugrunde|D|副词（可分动词的前半）|作为基础|etw. (Dat.) zugrunde liegen：是……的基础。
zuläßt|zulassen|V|现在时 er 形式（从句末，可分动词）|允许|旧拼写，今天写 zulässt。
zum|zu + dem|P|介词与冠词缩合 · 与格|到；属于|gehört zum Merkmal：属于特征。
zur|zu + der|P|介词与冠词缩合 · 与格阴性|到；对|zur Sache：言归正传；die Beziehung … zur Gewaltsamkeit：与暴力的关系；das Recht zur … Gewaltsamkeit：使用暴力的权利。
zuschreibt|zuschreiben|V|现在时 man 形式（从句末，可分动词）|归于；承认（某人有）|jm etw. zuschreiben：把某物归于某人。
zwar|zwar|D|副词|固然|zwar …, aber …：固然……，但是……。
zweite|zweit-|A|序数词 · 主格阳性|第二|der zweite von jenen Typen：那些类型中的第二种。
zwischen|zwischen|P|介词（与格 / 宾格）|在……之间|zwischen Staaten：国家之间。
ähneln|ähneln|V|现在时 sie 形式（从句末）|相似|jm ähneln：与某人相似（与格）。
äußeren|äußer|A|形容词 · 宾格复数|外在的|welche äußeren Mittel：哪些外在手段。
über|über|P|介词（与格 / 宾格）|关于；在……之上|eine Rede über Politik：一场关于政治的演讲；Herrschaft … von Menschen über Menschen：人对人的支配。
übergänge|der Übergang|N|名词 · 阳性 · 复数 · 宾格|过渡|
übten|üben|V|过去时 sie 形式（从句末）|行使|Herrschaft üben = ausüben。今天 üben 多指「练习」。
