a|a priori / a posteriori|X|拉丁语介词|从（……来的）|只出现在 a priori（先天）、a posteriori（后天）这两个拉丁词组里。a = 从。
aber|aber|K|连词 / 副词|但是；而|可以放句首，也常插在句中（Von den Erkenntnissen a priori heißen aber …），意思都是「但是、而」。
abgeleitet|ableiten|I|过去分词|推导出来|von etw. abgeleitet sein / werden：从……推导出来。康德用它区分「真正先天」和「从经验规则推导出的」知识。
abgeleiteten|ableiten|A|过去分词作定语 · 与格阴性|推导出来的|mancher aus Erfahrungsquellen abgeleiteten Erkenntnis：某些从经验来源推导出来的知识（扩展定语）。
abgesondert|absondern|D|过去分词作副词|分开地|sich … abgesondert bedienen：分开来使用。absondern：分离、隔开。
ableiten|ableiten|V|现在时 wir 形式（从句末合写）|推导|aus etw. ableiten：从……推导出来。ab（离开）+ leiten（引导）：引出来。
absonderung|die Absonderung|N|名词 · 阴性 · 单数 · 与格|分离|zur Absonderung desselben geschickt：善于把它分离出来。
abzufertigende|abfertigen|A|zu + 现在分词作定语 · 主格阴性|（能）被打发掉的|nicht … sogleich abzufertigende Frage：不能马上打发掉的问题。zu + 现在分词作定语，表示「可以 / 应该被……」。
alle|all-|T|不定代词 · 阴性单数 / 复数|一切；所有的|alle unsere Erkenntnis：我们的一切知识（阴性单数）；alle Körper：一切物体（复数）。单独出现时省略了名词：mit dieser fängt alle an（一切知识都从它开始）。
allein|allein|K|连词（古旧）|然而；但是|本文里都是古旧连词「然而」= aber：Allein gänzlich a priori …；allein nicht rein。今天常义是「独自、单独」。
allen|all-|T|不定代词 · 与格复数|一切的|von allen Eindrücken der Sinne：不依赖于一切感官印象；in allen (Fällen)：在一切情况下。
aller|all-|T|不定代词 · 与格阴性|一切的|von aller Erfahrung unabhängig：不依赖于任何经验。aller 在这里是阴性与格（von 支配与格）。
alles|all-|R|不定代词 · 中性单数|一切|alles, was daran empirisch ist：其中一切经验性的东西。alles 后面常接 was 引导的关系从句。
allgemeine|allgemein|A|形容词 · 宾格复数（无冠词，强变化）|普遍的|dergleichen notwendige und … allgemeine, mithin reine Urteile：这样的必然的、普遍的、因而是纯粹的判断。
allgemeinen|allgemein|A|形容词 · 与格阴性|普遍的|aus einer allgemeinen Regel：从一条普遍的规则中。
allgemeinheit|die Allgemeinheit|N|名词 · 阴性 · 单数|普遍性|康德的第二条标准。allgemein（普遍的）+ -heit。区分 strenge Allgemeinheit（严格的普遍性，先天）和 komparative Allgemeinheit（比较的普遍性，经验归纳得来）。
als|als|K|连词|作为；比；除了|本节几种用法：① 作为：als Tatsache、als Substanz；② 比：leichter … als …；③ 除了：von keinem (Satz) abgeleitet, als der …；④ nicht eher …, als bis …：直到……才。
also|also|D|副词|因此；所以|不是英语的 also（也）！德语「也」是 auch。康德常用它引出结论。
an|an|P|介词（与格 / 宾格）|在……上；对|an etw. zweifeln → daran（对此）；woran：借以。也常是可分动词的前缀（见句末的 an）。
an#sep|anfangen / ankommen|Z|可分动词前缀（被拆到句末）|（开）始；（关键）在于|和前面的变位动词合为一个词：fängt … an = anfangen（开始）；es kommt … auf etw. an = ankommen auf（关键在于）。
anders|anders|D|副词|别样地；不同地|nicht anders sein können：不可能是别的样子——这就是「必然性」。
anfange|anfangen|V|第一虚拟式 es / sie 形式（从句末）|开始|mit etw. anfangen：从……开始。daß-从句里用第一虚拟式是书面用法。全书第一句的动词。
angemessen|angemessen|A|形容词|相称的；恰当的|jm / etw. angemessen sein：与……相称（要求与格）。der vorgelegten Frage angemessen：与所提的问题相称。
angenommene|angenommen|A|过去分词作定语 · 宾格阴性（无冠词）|假定的|angenommene … Allgemeinheit：假定的普遍性。annehmen：假定、接受。
anhebt|anheben|V|现在时 sie 形式（从句末）|开始（古）|古语，= anfängt。今天 anheben 常义是「抬起」。mit der Erfahrung anheben：从经验开始。
anhängend|anhängen|A|现在分词|依附的|einer Substanz anhängend：依附于一个实体的（要求与格）。在康德那里，属性「依附」于实体。
anschein|der Anschein|N|名词 · 阳性 · 单数 · 宾格|表面；外观|auf den ersten Anschein：凭第一印象、乍一看。
auch|auch|D|副词|也；甚至|auch nicht：也不；auch manchmal：有时也。
auf|auf|P|介词（与格 / 宾格）|在……上；向；对|本文的固定搭配：auf etw. ankommen（关键在于）；auf etw. warten（等待）；auf etw. zeigen（指向）；auf etw. hinaussehen（着眼于）；auf den ersten Anschein（乍一看）；jn auf etw. aufmerksam machen（使注意）。
aufdringt|aufdringen|V|现在时 er 形式（从句末）|强加|sich jm aufdringen：强加于某人。womit sich dieser Begriff euch aufdringt：这个概念借以强加于你们的（必然性）。
aufmerksam|aufmerksam|A|形容词|注意的|jn auf etw. aufmerksam machen：使某人注意到某事。
aus|aus|P|介词（支配与格）|从……出来|aus 永远支配与格。aus der Erfahrung entspringen：从经验中产生。这是本文最重要的介词之一：「从经验中」来。
ausdruck|der Ausdruck|N|名词 · 阳性 · 单数 · 主格|表达；说法|jener Ausdruck：那个说法（指 a priori）。aus（出）+ Druck（压）：压出来 → 表达。
ausnahme|die Ausnahme|N|名词 · 阴性 · 单数|例外|keine Ausnahme：没有例外。严格的普遍性 = 不允许任何例外。
ausübung|die Ausübung|N|名词 · 阴性 · 单数 · 与格|施展；运用|zur Ausübung erweckt werden：被唤起去施展。
b|z. B.|M|缩写的一部分|例如|z. B. = zum Beispiel：例如。
bedienen|bedienen|I|不定式|（sich + 属格）使用|sich einer Sache bedienen：使用某物，宾语用属格。《启蒙》的核心句型，导言里也出现：sich gedachter beider Kriterien … zu bedienen（使用上述两条标准）。
bedürfen|bedürfen|I|不定式|需要|ohne … zu bedürfen：无需……。书面语，宾语用属格或宾格。
begnügen|begnügen|I|不定式|（sich）满足于|sich mit etw. begnügen：满足于……。damit 预指后面的不定式。
begriff|der Begriff|N|名词 · 阳性 · 单数|概念|康德核心术语。与 Anschauung（直观）相对：概念是知性的产物。der Begriff einer Ursache：原因的概念。
begriffe|der Begriff|N|名词 · 阳性 · 单数 · 与格（旧词尾 -e）|概念|von eurem empirischen Begriffe：从你们的经验概念中。
begriffen|der Begriff|N|名词 · 阳性 · 复数 · 与格|概念|in Begriffen：在概念中。复数与格加 -n。
beider|beide|T|不定代词 · 属格复数|两个的|gedachter beider Kriterien：上述两条标准的（属格，因为 sich bedienen 要求属格）。
beigemischt|beimischen|I|过去分词|掺入|jm etw. beimischen：往……里掺入（与格）。denen gar nichts Empirisches beigemischt ist：完全没有掺入经验性成分的。
beigesellung|die Beigesellung|N|名词 · 阴性 · 单数 · 与格|伴随（旧）|von einer öftern Beigesellung：从经常的伴随中。休谟认为因果只是事件经常相伴，康德在这里转述并反驳。
beilegen|beilegen|V|现在时 wir 形式（从句末）|赋予；归于|jm etw. beilegen：把……归于某物。die wir einem Urteile beilegen：我们赋予一个判断的（普遍性）。
beispiel|das Beispiel|N|名词 · 中性 · 单数 · 宾格|例子|zum Beispiel（z. B.）：例如。
beispiele|das Beispiel|N|名词 · 中性 · 复数 · 宾格|例子|dergleichen Beispiele：这类例子。
bekannt|bekannt|A|形容词|已知的|jm bekannt werden：为某人所知。
benötigte|benötigen|A|过去分词作定语 · 主格阴性|需要……的|der näheren Untersuchung noch benötigte Frage：还需要更仔细研究的问题。einer Sache benötigt sein 是旧用法，要求属格。
beschaffen|beschaffen|A|形容词（只作表语）|具有……性状的|so oder so beschaffen sein：是这样或那样的。Beschaffenheit：性状。
beschränktheit|die Beschränktheit|N|名词 · 阴性 · 单数 · 宾格|局限性|die empirische Beschränktheit：经验上的局限。beschränkt（有限的）+ -heit。
besitze|der Besitz|N|名词 · 阳性 · 单数 · 与格（旧词尾 -e）|拥有|im Besitze + 属格：拥有……。im Besitze gewisser Erkenntnisse：拥有某些知识。
besonderen|besonder|A|形容词 · 宾格阳性|特殊的|einen besonderen Erkenntnisquell：一个特殊的知识来源。
bestimmt|bestimmt|A|形容词|确定的|bestimmt genug：足够确定。康德常用的 bestimmen（规定、确定）的分词。
bestimmung|die Bestimmung|N|名词 · 阴性 · 单数|规定|康德术语：概念里包含的「规定」（内容、特征）。mehr Bestimmung enthalten：包含更多规定。在《启蒙》里它是「使命」，在这里是逻辑上的「规定」。
bewegung|die Bewegung|N|名词 · 阴性 · 单数|运动|in Bewegung bringen：使运动起来、发动。
beweise|der Beweis|N|名词 · 阳性 · 单数 · 与格（旧词尾 -e）|证明|zum Beweise + 属格：为了证明……。
bewirken|bewirken|V|现在时 复数（从句中）|引起；产生|Vorstellungen bewirken：产生表象。
bezeichnen|bezeichnen|I|不定式|表示；标明|um … zu bezeichnen：为了表示。
bis|bis|K|连词|直到|nicht eher …, als bis …：直到……才……。
bisher|bisher|D|副词|迄今|soviel wir bisher wahrgenommen haben：就我们迄今所知觉到的而言。
bisweilen|bisweilen|D|副词|有时|= manchmal（书面）。
bleibt|bleiben / übrigbleiben|V|现在时 er 形式|留下|bleibt … übrig = übrigbleiben：剩下。so bleibt doch der Raum übrig：可是空间仍然剩下。
bloß|bloß|D|副词|仅仅；只|= nur。bloß veranlaßt：仅仅被引起；bloß subjektiv：只是主观的。
bringen|bringen|I|不定式|带来；使……|in Bewegung bringen：使运动起来。
d|d. i.|M|缩写|即|d. i. = das ist：即、也就是。
da|da|D|副词|那里；那么|wo …, da …：凡在……之处，那里就……。
dadurch|dadurch|D|副词 / 古旧关系副词|由此；借以|① 由此：dadurch（通过这一点）；② 古旧关系副词 = durch die / durch welche：diejenige (Eigenschaft), dadurch ihr es … denkt（使你们借以把它思考为……的那个属性）。
dagegen|dagegen|D|副词|反之|wo dagegen …：反之，凡在……之处。
daher|daher|D|副词|因此|daher man … kann：旧式语序，今天会说 weshalb man … kann（因此人们……）。
damit|damit|D|副词|以此|da- + mit。sich damit begnügen, … zu …：满足于……（damit 预指后面的不定式）。
daran|daran|D|副词|对此；在其中|da- + an。① daran ist kein Zweifel：对此没有怀疑（Zweifel an etw.）；② alles, was daran empirisch ist：其中（物体的概念中）一切经验性的东西。
darauf|darauf|D|副词|对此|da- + auf。jn darauf aufmerksam machen：使某人注意到这一点。
daraus|daraus|D|副词|由此|da- + aus。einer daraus entspringenden Gewohnheit：由此产生的习惯。
darf|dürfen|V|情态动词 · 现在时 man 形式|（古）需要；只需|古义 dürfen = brauchen：so darf man nur … hinaussehen = 只需看看……。今天 darf 是「可以、被允许」，nicht dürfen 是「不许」。
dargelegt|darlegen|I|过去分词|陈述；摆出来|dargelegt zu haben：已经陈述了（完成时不定式）。
dartun|dartun|I|不定式|阐明；证明（旧）|da（那里）+ tun：摆出来给人看。
darum|darum|D|副词|因此|darum doch nicht：却并不因此……
das|das|T|定冠词 · 中性|（定冠词，一般不译）|中性单数的主格 / 宾格。das Erkenntnisvermögen、das Fundament。
dazu|dazu|D|副词|为此|da- + zu。dazu dienen：用作这个（例子）。
daß|dass|K|连词|……这件事|旧拼写，今天写 dass。引导的从句动词在末尾。康德常把 Daß-从句放在句首当主语，再用 daran、das 等回指。
dem|der / das|T|定冠词 · 与格单数|（定冠词，一般不译）|阳性和中性的与格。von dem Unterschiede、in dem Satze。
dem#dem|der / das|R|指示代词 · 中性与格|那个；那种（东西）|指示代词，= demjenigen，后面接 was 引导的从句：aus dem, was wir … empfangen：由我们所接受的东西；mit dem, was vorhergeht：与先行的东西。
den|der / die|T|定冠词 · 阳性宾格 / 复数与格|（定冠词，一般不译）|两种可能：阳性单数宾格（den Begriff），或复数与格（von den empirischen）。
den#dem|der|R|指示代词 · 阳性宾格|这个（它）|指示代词，= diesen。und den könnt ihr nicht weglassen：而这个（空间）你们是去不掉的。提前放在句首以示强调。
den#rel|der|R|关系代词 · 阳性宾格|（……的）那个|der Raum, den er einnahm：它所占据的那个空间。
denen|der / die / das|R|关系代词 · 复数与格|（……的）那些|diejenigen, denen nichts beigemischt ist：那些没有掺入任何东西的；alle Regeln, nach denen sie fortgeht：它所依循的一切规则。
denkt|denken|V|现在时 ihr 形式（从句末）|思考|etw. als etw. denken：把……思考为……。
denn|denn|K|连词|因为|并列连词，后面接正常语序（动词第二位）。康德常以 Denn 开始一句来说明理由。
der|der / die|T|定冠词|（定冠词，一般不译）|der 最多面：阳性主格 / 阴性与格 / 阴性属格 / 复数属格。点开句中每个 der 看它在此处的身份。
der#dem|der / die|R|指示代词|那种；那个|指示代词，常接关系从句：von der, welche …, zu der, die …（从那种……到那种……）；als der eines Objekts（比一般对象的那个〔概念〕）。
der#rel|der / die|R|关系代词|（……的）那个|形式同冠词，但后面是从句（动词在末尾）。
deren|der / die|R|关系代词 · 属格（复数 / 阴性）|其；它们的|deren jedes：其中每一个。
dergleichen|dergleichen|R|指示代词（不变格）|这一类的|dergleichen Beispiele：这类例子；ein dergleichen … Erkenntnis：这样一种知识。
derselben|derselbe|R|指示代词 · 属格（阴性 / 复数）|它的；它们的|书面语中指代前面的名词，避免重复。im Gebrauche derselben：在使用它们（两条标准）时；einiger derselben：其中一些。
des|der / das|T|定冠词 · 属格|（……的）|阳性和中性的属格；名词通常加 -s / -es：des Erkenntnisses。
desselben|derselbe|R|指示代词 · 属格（阳性 / 中性）|它的|指前面提到的阳性或中性名词。zur Absonderung desselben：把它（Zusatz）分离出来；die Notwendigkeit desselben：它（判断）的必然性。
dessen|der / das|R|指示代词 · 属格（中性）|那种（东西）的|dessen, was geschieht：「所发生之事」的。指示代词 + was-从句。
die|die|T|定冠词 · 阴性 / 复数|（定冠词，一般不译）|阴性单数的主格 / 宾格，或复数的主格 / 宾格。
die#rel|die|R|关系代词 · 阴性 / 复数|（……的）那个 / 那些|形式同冠词，但引导从句，从句动词在末尾。
diejenige|derjenige|R|指示代词 · 宾格阴性|那个|diejenige (Eigenschaft), dadurch …：那个借以……的（属性）。
diejenigen|derjenige|R|指示代词 · 主格复数|那些|diejenigen, denen …：那些……的（知识）。derjenige / diejenige / diejenigen + 关系从句 =「那个……的」。
dienen|dienen|I|不定式|用作；服务|zu etw. dienen：充当、用作。
diese|dieser|T|指示代词 · 阴性 / 复数|这个；这些|单独使用时是代词：diese zu vergleichen（比较这些〔表象〕）；diese zeigt auf …（这种〔普遍性〕指向……）。
dieser|dieser|T|指示代词|这个|和 der 一样多义：阳性主格（dieser Begriff）/ 阴性与格（mit dieser）/ 复数属格（dieser ihre Unentbehrlichkeit）。看后面的名词或上下文判断。
dieses|dieser|R|指示代词 · 中性宾格|这一点|dieses … wissen：知道这一点。指前面说过的事。
doch|doch|D|副词 / 语气词|毕竟；却；然而|德语最难的语气词之一。本文常见：「却」（darum doch nicht）、「毕竟」（doch auch nicht）、「仍然」（gleichwohl … doch）。
durch|durch|P|介词（支配宾格）|通过|durch Erfahrung：通过经验；durch Eindrücke：通过印象。
durfte|dürfen|V|情态动词 · 过去式 er 形式|（古）需要|er durfte nicht … warten：他不必等。古义 dürfen = brauchen（需要）。今天 durfte nicht 是「不被允许」。
