eben|eben|D|副词|恰恰；正好|nicht eben alle：并不全都（eben 加强否定，相当于「并不一定」）。
ebenso|ebenso|D|副词|同样地|句首 Ebenso：同样（引出平行的第二个例子）。
eher|eher|D|副词（bald 的比较级）|更早|nicht eher …, als bis …：直到……才……。
eigenes|eigen|A|形容词 · 主格中性|自己的|unser eigenes Erkenntnisvermögen：我们自己的认识能力。
eigenschaften|die Eigenschaft|N|名词 · 阴性 · 复数 · 宾格|属性；性质|alle Eigenschaften：一切属性。eigen（自己的）+ -schaft：「自身所有的东西」。
eigentlich|eigentlich|D|副词|真正说来；严格说|es muß eigentlich heißen：严格说来应当说成……。日常口语里 eigentlich 常是「其实」。
ein|ein|T|不定冠词|一个|阳性主格、中性主格 / 宾格都是 ein。注意 ein reines Erkenntnis：这里 Erkenntnis 是中性。
eindrücke|der Eindruck|N|名词 · 阳性 · 复数|印象|sinnliche Eindrücke：感性印象（外物在感官上留下的「压痕」：ein + Druck）。
eindrücken|der Eindruck|N|名词 · 阳性 · 复数 · 与格|印象|von allen Eindrücken der Sinne：不依赖于一切感官印象。复数与格加 -n。
eine|ein|T|不定冠词 · 阴性|一个|阴性主格 / 宾格。eine jede Veränderung：每一个变化（旧式，加强 jede）。
einem|ein|T|不定冠词 · 与格阳性 / 中性|一个|zu einem Urteile：属于一个判断（中性与格）。
einen|ein|T|不定冠词 · 宾格阳性|一个|auf einen besonderen Erkenntnisquell：指向一个特殊的知识来源。
einer|ein|T|不定冠词 · 属格 / 与格阴性|一个（的）|zu einer Erkenntnis（与格）；der Begriff einer Ursache（属格：一个原因的概念）。
eines|ein|T|不定冠词 · 属格阳性 / 中性|一个的|eines Körpers：一个物体的；eines Objekts：一个对象的。
einfallen|einfallen|I|不定式|倒塌（古义）|daß es einfallen würde：（房子）会倒塌。今天 einfallen 最常用的意思是「想起来」：Mir fällt etwas ein。
einfiele|einfallen|V|第二虚拟式 es 形式|（假如）倒塌|daß es wirklich einfiele：它真的倒塌。
einiger|einig-|T|不定代词 · 属格复数|一些（的）|einiger derselben：其中一些的。
einleuchtender|einleuchtend|A|形容词比较级|更清楚的；更显然的|einleuchten：讲得通、一目了然。es ist einleuchtender, A als B zu zeigen：指出 A 比指出 B 更清楚。
einnahm|einnehmen|V|过去式 er 形式（从句末合写）|占据|den er einnahm：它所占据的（空间）。
empfangen|empfangen|V|现在时 wir 形式（从句末）|接受；接收|durch Eindrücke empfangen：通过印象接受。今天也指「迎接、接待」。
empirisch|empirisch|A|形容词（表语）|经验性的|与 rein（纯粹）、a priori 相对。来自希腊语 empeiria（经验）。
empirische|empirisch|A|形容词 · 主格 / 宾格|经验性的|die empirische Allgemeinheit：经验的普遍性；empirische Erkenntnisse：经验性知识。
empirischen|empirisch|A|形容词 · 各种斜格|经验性的|von den empirischen (Erkenntnissen)：与经验性知识（区分）；vom empirischen (Erkenntnis)。
empirisches|empirisch|N|形容词名词化 · 中性|经验性的东西|nichts Empirisches：没有任何经验性的东西。nichts / etwas 后面的形容词名词化，加 -es。
entgegengesetzt|entgegensetzen|A|过去分词|相对立的|jm entgegengesetzt sein：与……相对立（要求与格）。
enthält|enthalten|V|现在时 er 形式|包含|der Begriff einer Ursache enthält …：原因的概念包含……。
entlehnt|entlehnen|I|过去分词|借来|aus der Erfahrung entlehnt haben：从经验中借来。
entspringenden|entspringen|A|现在分词作定语 · 与格阴性|由……产生的|einer daraus entspringenden Gewohnheit：一种由此产生的习惯。
entspringt|entspringen|V|现在时 sie 形式|产生于；源出于|aus etw. entspringen：从……产生（原指河流的发源）。导言的关键对比：mit der Erfahrung anfangen（时间上开始）≠ aus der Erfahrung entspringen（来源上产生）。
entzogen|entziehen|I|过去分词|抽走|jm etw. entziehen：从……那里抽走。被动：wenn ihnen die Stütze entzogen wird（一旦它们失去支撑）。
er|er|R|人称代词 · 主格阳性|他；它|指阳性名词时译作「它」：er（= der Satz）ist ein Urteil a priori；er（= der Körper）。
erfahrung|die Erfahrung|N|名词 · 阴性 · 单数|经验|本书出现最多的词。康德的 Erfahrung 不只是「经历」，而是感性材料经过知性加工后形成的、关于对象的知识（见 I.3 的定义：eine Erkenntnis der Gegenstände, die Erfahrung heißt）。
erfahrungsbegriffe|der Erfahrungsbegriff|N|名词 · 阳性 · 单数 · 与格（旧词尾 -e）|经验概念|Erfahrung + Begriff。von eurem Erfahrungsbegriffe eines Körpers：从你们关于物体的经验概念中。
erfahrungserkenntnis|die Erfahrungserkenntnis|N|名词 · 阴性 · 单数|经验知识|Erfahrung + Erkenntnis。即便是经验知识，也可能含有我们自己加上的成分。
erfahrungsquellen|die Erfahrungsquelle|N|名词 · 阴性 · 复数 · 与格|经验来源|aus Erfahrungsquellen abgeleitet：从经验来源推导出来的。
erkenntnis|die / das Erkenntnis|N|名词 · 单数|知识；认识|本书核心词，译作「知识」或「认识」。注意：康德有时用阴性（alle unsere Erkenntnis），有时用中性（ein reines Erkenntnis、im menschlichen Erkenntnis）。今天只用阴性 die Erkenntnis（复数 Erkenntnisse）。
erkenntnisquell|der Erkenntnisquell|N|名词 · 阳性 · 单数 · 宾格|知识来源|= Erkenntnisquelle。Quell 是 Quelle（泉、源）的诗意 / 旧式写法。
erkenntnisse|die Erkenntnis|N|名词 · 复数|知识（复数）|Erkenntnisse a priori：先天知识。复数指「各种知识、各条知识」。
erkenntnissen|die Erkenntnis|N|名词 · 复数 · 与格|知识|unter Erkenntnissen a priori verstehen：把先天知识理解为……；von den Erkenntnissen a priori：在先天知识中。
erkenntnisses|das Erkenntnis|N|名词 · 中性 · 单数 · 属格|知识的|ein Vermögen des Erkenntnisses a priori：先天认识的能力。中性属格加 -ses，说明这里 Erkenntnis 是中性。
erkenntnisvermögen|das Erkenntnisvermögen|N|名词 · 中性 · 单数|认识能力|Erkenntnis + Vermögen（能力）。康德术语：我们用来认识的那些能力的总称（感性、知性、理性）。
erkenntnisvermögens|das Erkenntnisvermögen|N|名词 · 中性 · 单数 · 属格|认识能力的|den reinen Gebrauch unseres Erkenntnisvermögens：我们认识能力的纯粹运用。
erste|erst|A|形容词 · 宾格复数（无冠词）|第一的|erste Grundsätze：第一原理。
ersten|erst|A|形容词 · 宾格阳性|第一的|auf den ersten Anschein：乍一看。
erstlich|erstlich|D|副词（古旧）|第一|= erstens。后面对应 zweitens（第二）。
erweckt|erwecken|I|过去分词|唤起|zur Ausübung erweckt werden：被唤起去施展。wecken：叫醒。
es|es|R|人称代词 · 中性|它|指中性名词或整件事。
es#expl|es|R|形式代词（占位）|（不译）|es 只占住主语或宾语的位置，真正的内容在后面（daß-从句或 zu-不定式）。Es ist leicht zu zeigen …；es kommt auf … an；es gibt。翻译时一般不译出。
es#it|es|R|人称代词 · 中性|它|指代前面的中性名词：es（= das Haus）würde einfallen；es（= das Urteil）ist nicht abgeleitet。
etwas|etwas|R|不定代词|某物|daß etwas so oder so beschaffen sei：某物是这样或那样的。
euch|ihr|R|人称代词 · 与格 / 宾格（ihr）|你们|die euch die Erfahrung lehrt：经验教给你们的；sich euch aufdringen：强加于你们。
eurem|euer|T|物主代词 · 与格阳性 / 中性|你们的|von eurem Erfahrungsbegriffe：从你们的经验概念中；in eurem Erkenntnisvermögen：在你们的认识能力中。euer 加词尾时常去掉 e：eur-em。
fallen|fallen|V|现在时 复数（从句中）|落下|die Körper … fallen：物体下落。
farbe|die Farbe|N|名词 · 阴性 · 单数|颜色|物体的经验属性之一。
findet|finden|V|现在时 es / er 形式|（sich finden）有、出现|sich finden：存在、被发现。Findet sich ein Satz …：如果有一个命题……（动词放首位的条件句）；findet sich … keine Ausnahme：没有发现例外。
fortgeht|fortgehen|V|现在时 sie 形式（从句末合写）|进行；前进|nach denen sie fortgeht：经验所依循而进行的（规则）。今天 fortgehen 常义是「离开」。
frage|die Frage|N|名词 · 阴性 · 单数|问题|eine … Frage: ob …：一个问题：是否……。
fundament|das Fundament|N|名词 · 中性 · 单数 · 宾格|地基|das Fundament seines Hauses：他房子的地基。
fähig|fähig|A|形容词|能够……的|einer Sache fähig sein：能够有……（要求属格）。daß wir ihrer a priori fähig sind：我们能先天地有它。
fällen|der Fall|N|名词 · 阳性 · 复数 · 与格|情况|in den meisten Fällen：在大多数情况下。
fängt|anfangen|V|现在时 sie 形式（可分动词，前缀在句末）|开始|fängt … an = anfangen。mit dieser fängt alle an：一切（知识）都从它开始。
für|für|P|介词（支配宾格）|为了；对于；作为|für sich：单独地；etw. für etw. gelten lassen：承认……为……。
ganz|ganz|D|副词|完全地|ganz verschwunden：完全消失了。
ganzen|ganz|A|形容词 · 宾格阳性|整个的|den ganzen Sinn：全部的意义。
gar|gar|D|副词|（加强否定）根本|gar kein Zweifel：根本没有怀疑；gar nichts：完全没有。
gebe|geben|V|第一虚拟式 es 形式|（es gebe）有|es gebe = es gibt（第一虚拟式，用于 ob-、daß-从句的书面语）。
gebrauch|der Gebrauch|N|名词 · 阳性 · 单数|使用；运用|den reinen Gebrauch unseres Erkenntnisvermögens：我们认识能力的纯粹运用。
gebrauche|der Gebrauch|N|名词 · 阳性 · 单数 · 与格（旧词尾 -e）|使用|im Gebrauche derselben：在使用它们的时候。
gedacht|denken|I|过去分词|被思考|gedacht werden：被思考。denken - dachte - gedacht。mit seiner Notwendigkeit gedacht：连同其必然性一起被思考。
gedachter|gedacht|A|形容词 · 属格复数（无冠词）|上述的|书面语中 gedacht 可作「上面提到的」（= besagt）。gedachter beider Kriterien：上述两条标准的。
gegenstände|der Gegenstand|N|名词 · 阳性 · 复数|对象|康德术语：我们认识所指向的东西。gegen（对着）+ Stand（站立）：「站在对面的东西」，正好对应拉丁语 objectum。
geht|vorhergehen|V|现在时 sie 形式（可分动词，前缀在句末）|（先）行|geht … vorher = vorhergehen：先于。
gehören|gehören|V|现在时 复数|属于|zueinander gehören：彼此相属。
gehört|gehören|V|现在时 sie 形式（从句中）|属于|zu etw. gehören：属于……。
gelten|gelten|I|不定式|有效；被当作|etw. für etw. gelten lassen：承认……为……。
gemacht|machen|I|过去分词|使|aufmerksam und … geschickt gemacht hat：使（我们）注意并善于……。
gemeine|gemein|A|形容词 · 主格阳性|普通的|der gemeine Verstand：普通知性 = 常识。gemein 的古义是「普通的、共同的」，今天常义是「卑鄙」。
gemeinsten|gemein|A|形容词最高级 · 与格阳性|最普通的|aus dem gemeinsten Verstandesgebrauche：来自最普通的知性运用。
genug|genug|D|副词|足够|bestimmt genug：足够确定。放在形容词后面。
geschickt|geschickt|A|形容词|灵巧的；善于……的|jn zu etw. geschickt machen：使某人善于做……。
geschieht|geschehen|V|现在时 es 形式（从句中）|发生|was geschieht：所发生的事。
geschähe|geschehen|V|第二虚拟式 es 形式|（假如）发生|geschähe es nicht durch …：若不是通过……而发生（= wenn es nicht … geschähe）。
gestehen|gestehen|I|不定式|承认|ihr müßt … gestehen：你们必须承认。
gewisser|gewiss|A|形容词 · 属格复数（无冠词）|某些|im Besitze gewisser Erkenntnisse：拥有某些知识。没有冠词时形容词自己带 -er 标明属格复数。
gewißheit|die Gewissheit|N|名词 · 阴性 · 单数 · 宾格|确定性|旧拼写 Gewißheit。gewiss（确定的）+ -heit。
gewohnheit|die Gewohnheit|N|名词 · 阴性 · 单数 · 与格|习惯|休谟的关键词：因果必然性只是「联结表象的习惯」。
gezogen|ziehen|I|过去分词|得出|aus etw. gezogen werden：从……中得出。ziehen：拉、抽出。
gibt|geben|V|现在时 es 形式|（es gibt）有|es gibt + 宾格：有……。Erfahrung gibt … Allgemeinheit：经验给予……普遍性（这里是本义「给」）。
gilt|gelten|V|现在时 sie 形式（从句中）|有效|die in allen gilt：在一切情况下都有效的（有效性）。
gleich|gleich|K|连词成分|尽管|wenn … gleich = obgleich：尽管。Wenn aber gleich …：但是尽管……
gleichwohl|gleichwohl|D|副词|然而；仍然|常和 doch 连用：gleichwohl selbst doch：然而本身仍然。
grundstoffe|der Grundstoff|N|名词 · 阳性 · 单数 · 与格（旧词尾 -e）|基本材料|von jenem Grundstoffe：与那基本材料（区分开）。
grundsätze|der Grundsatz|N|名词 · 阳性 · 复数|原理|康德术语：知性的「原理」（如因果原理）。Grund（根据）+ Satz（命题）。
gänzlich|gänzlich|D|副词|完全地|gänzlich a priori：完全先天地；gänzlich verlorengehen：完全丧失。
gültig|gültig|A|形容词|有效的|als ein notwendiger Satz gültig：作为必然命题而有效。
gültigkeit|die Gültigkeit|N|名词 · 阴性 · 单数 · 属格|有效性|Steigerung der Gültigkeit：有效性的拔高。
habe|haben|V|第一虚拟式 er 形式|有|daß er … seinen Sitz habe：它有其位置（daß-从句中的第一虚拟式）。
haben|haben|V|现在时 复数 / 助动词|有；（完成时）|die ihre Quellen … haben：它们的来源在……；entlehnt haben / wahrgenommen haben：完成时。
hat|haben|V|现在时 er / sie 形式|有；（完成时）|hat ihre Ursache：有其原因；geschickt gemacht hat：已经使……善于。
hauses|das Haus|N|名词 · 中性 · 单数 · 属格|房子的|das Fundament seines Hauses：他房子的地基。
heißen|heißen|V|现在时 复数|被称为|X heißen rein：被称为纯粹的。
heißt|heißen|V|现在时 es / sie 形式|叫作；说成|die Erfahrung heißt：叫作经验；es muß heißen：应当说成……。
hergibt|hergeben|V|现在时 es 形式（从句末合写）|提供；拿出来|aus sich selbst hergeben：从自身中提供出来。
hernehmen|hernehmen|I|不定式|取得|wo … hernehmen：从哪里取得。
hier|hier|D|副词|这里|
hinaussehen|hinaussehen|I|不定式|看向；着眼于|auf etw. hinaussehen：看看……。
hume|Hume|N|专有名词|休谟|David Hume（1711–1776），苏格兰哲学家。他认为因果关系只是习惯性联想。康德说正是休谟把他从「独断论的迷梦」中唤醒。
härte|die Härte|N|名词 · 阴性 · 单数|硬度|die Härte oder Weiche：硬或软。
i|I. / d. i.|M|罗马数字 / 缩写的一部分|一；（d. i.）即|标题里的 I. = 第一节；d. i. = das ist（即）。
ihm|er / es|R|人称代词 · 与格|（给）他；（从）它|mußte ihm … bekannt werden：他必须知道；ihm … nehmen：从它（对象）那里拿走。
ihn|er|R|人称代词 · 宾格阳性|它|wenn man ihn … ableiten wollte：如果想推导出它（原因的概念）。
ihnen|sie（复数）|R|人称代词 · 复数与格|（给 / 从）它们|wenn ihnen die Stütze entzogen wird：一旦它们（物体）失去支撑；Ihnen sind … entgegengesetzt：与它们（先天知识）相对立的是……
ihr|ihr|R|人称代词 / 物主代词|你们；她的；他们的|本文里主要是「你们」：康德在第二节结尾直接对读者说话。
ihr#you|ihr|R|人称代词 · 第二人称复数主格|你们|könnt ihr nicht weglassen：你们去不掉；Ihr müßt … gestehen：你们必须承认。
ihre|ihr|T|物主代词 · 宾格（阴性 / 复数）|它的；它们的|ihre Ursache：它的原因；ihre Quellen：它们的来源；ihre Gewißheit：它（经验）的确定性。
ihren|ihr|T|物主代词 · 与格复数|它的|ihren Urteilen：给它（经验）的判断。
ihrer|ihr|T|物主代词 · 属格 / 与格|它的；它们的|作人称代词的属格（「它们的」之外的用法）时另有一条。
ihrer#pgen|sie|R|人称代词 · 属格|它（属格）|人称代词的属格很少见：sie → ihrer。daß wir ihrer a priori fähig sind：我们能先天地有它。fähig 要求属格，所以「它」用 ihrer。
ii|II.|M|罗马数字|二|第二节标题的编号。
im|in + dem|P|介词与冠词缩合 · 与格|在……中|im Besitze：拥有；im Verfolg：在下文中；im Gebrauche：在使用中。
immer|immer|D|副词|总是|immer wieder：一再、总是又。
in|in|P|介词（与格 / 宾格）|在……里；到……里|与格表位置（in der Erfahrung），宾格表方向（in Bewegung bringen）。
indessen|indessen|D|副词|不过|Jener Ausdruck ist indessen noch nicht bestimmt genug：不过，那个说法还不够确定。
induktion|die Induktion|N|名词 · 阴性 · 单数|归纳|从许多个例总结出一般规则。康德：归纳只能给出「比较的」普遍性。
ist|sein|V|现在时 er / sie / es 形式|是|sein（是）：ich bin, du bist, er ist, wir sind, ihr seid, sie sind。
ja|ja|Z|语气词|甚至|ja in dem letzteren …：甚至在后一个例子中……（递进）。
jede|jeder|T|不定代词 · 主格阴性|每一个|eine jede Veränderung：每一个变化（旧式，加强）。
jeden|jeder（此处按弱变化）|T|不定代词 · 属格中性（弱变化）|每一个（的）|eines jeden … Objekts：任何一个对象的。在冠词 eines 后面，jeder 按形容词弱变化，所以是 jeden。
jedes|jeder|R|不定代词 · 主格中性|每一个|deren jedes：其中每一个（指 Kriterium，中性）。
jemand|jemand|R|不定代词 · 与格（旧）|某人|von jemand：旧式，= von jemandem。
jenem|jener|T|指示代词 · 与格阳性|那个|von jenem Grundstoffe：与那个基本材料。jener 指较远的、前面提到的东西。
jener|jener|T|指示代词|那个|① 阳性主格：Jener Ausdruck（那个说法）；② 阴性与格：von dieser oder jener (Erfahrung)（这个或那个经验）。dieser oder jener = 这个或那个。
kann|können|V|情态动词 · 现在时 er / man 形式|能|情态动词在第二位，不定式在句末。
kein|kein|T|否定冠词 · 主格阳性|没有|gar kein Zweifel：毫无疑问。kein = nicht + ein。
keine|kein|T|否定冠词 · 阴性|没有|keine Erkenntnis：没有任何知识；keine Ausnahme：没有例外。
keinem|kein|R|否定代词 · 与格阳性|没有一个|von keinem (Satz) abgeleitet：不是从任何命题推导出来的。
kennzeichen|das Kennzeichen|N|名词 · 中性 · 复数|标志|sichere Kennzeichen einer Erkenntnis a priori：先天知识的可靠标志。kennen（认识）+ Zeichen（记号）。
kommt|ankommen|V|现在时 es 形式（可分动词，前缀在句末）|（关键）在于|es kommt auf etw. an：关键在于……。
komparative|komparativ|A|形容词 · 宾格阴性（无冠词）|比较的|komparative Allgemeinheit：比较的普遍性（「目前为止没发现例外」），与严格的普遍性相对。
konnte|können|V|情态动词 · 过去式 er 形式|能；本可以|er konnte es a priori wissen：他本可以先天地知道。
kriterien|das Kriterium|N|名词 · 中性 · 复数 · 属格|标准|来自希腊语。复数 Kriterien。这里指两条标准：必然性和严格的普遍性。
könne|können|V|第一虚拟式 es 形式|能|daß es nicht anders sein könne：它不可能是别样的。
können|können|V|情态动词 · 现在时 wir 形式|能|wir … unterscheiden können：我们能区分。
könnt|können|V|情态动词 · 现在时 ihr 形式|（你们）能|so könnt ihr …：你们能……。
könnte|können|V|第二虚拟式 es / man 形式|可能；也可以|es könnte wohl sein：很可能；könnte man …：人们也可以……
körper|der Körper|N|名词 · 阳性 · 复数|物体|物理学意义上的「物体」（今天也指「身体」）。alle Körper sind schwer：一切物体都有重量。
körperlichen|körperlich|A|形容词 · 属格中性|有形体的|körperlichen oder nicht körperlichen：有形体的或无形体的。
körpers|der Körper|N|名词 · 阳性 · 单数 · 属格|物体的|eines Körpers：一个物体的。
