lange|lang|A|形容词 · 主格阴性（无冠词）|长期的|lange Übung：长期的练习。
lassen|lassen|I|不定式|让；任|etw. für etw. gelten lassen：承认……为……。
lasset|lassen / weglassen|V|命令式（ihr，古旧）|（你们）去掉吧|Lasset … weg：旧式命令式，= lasst … weg。可分动词 weglassen 的前缀 weg 在后面。
lehrt|lehren|V|现在时 sie 形式|教；告诉|Erfahrung lehrt uns …：经验告诉我们……；die euch die Erfahrung lehrt：经验教给你们的。
leicht|leicht|A|形容词|容易的|ist leicht zu zeigen：很容易证明。
leichter|leicht|A|形容词比较级|更容易的|es ist leichter, A als B zu zeigen：指出 A 比指出 B 更容易。
letzteren|letzter|R|形容词名词化 · 与格|后者|in dem letzteren：在后者中（指第二个例子）。der erstere / der letztere：前者 / 后者。
man|man|R|不定代词|人们|泛指主语，动词用第三人称单数。中文常译为无主语句或「人们」。
mancher|manch-|T|不定代词 · 与格阴性|某些|von mancher … Erkenntnis：关于某些……知识。
manchmal|manchmal|D|副词|有时|
mathematik|die Mathematik|N|名词 · 阴性 · 单数 · 属格|数学|alle Sätze der Mathematik：数学的一切命题。康德认为数学命题是先天的，而且是「先天综合」的（导言后面几节会讲）。
mehr|mehr|D|副词（viel 的比较级）|更多|mehr Bestimmung … als …：比……包含更多规定。
meisten|meist|A|形容词最高级 · 与格复数|大多数|in den meisten Fällen：在大多数情况下。
menschlichen|menschlich|A|形容词 · 与格中性|人的|im menschlichen Erkenntnis：在人类知识中。
merkmal|das Merkmal|N|名词 · 中性 · 单数 · 宾格|标志；特征|merken（注意到）+ Mal（记号）。
mit|mit|P|介词（支配与格）|和；从；连同|mit der Erfahrung anfangen：从经验开始；mit seiner Notwendigkeit gedacht：连同其必然性被思考；mit einer Wirkung：与结果（相联结）。
mithin|mithin|D|副词（书面）|因此|康德极常用：empirisch, mithin zufällig（经验性的，因而是偶然的）。
muß|müssen|V|情态动词 · 现在时 es 形式|必须；应当|= muss（新拼写）。es muß eigentlich heißen：严格说来应当说成……。
mußte|müssen|V|情态动词 · 过去式 es 形式|必须|mußte ihm … bekannt werden：他必须（事先）知道。
möglich|möglich|A|形容词|可能的|nur a posteriori möglich：只有后天地才可能的。
möglichkeit|die Möglichkeit|N|名词 · 阴性 · 单数 · 与格|可能性|zur Möglichkeit der Erfahrung：对经验的可能性来说。「经验的可能性」是康德全书的核心问题：经验之所以可能，需要哪些先天条件？
müsse|müssen|V|第一虚拟式 es 形式|必须|daß alle Veränderung eine Ursache haben müsse：一切变化都必定有原因。
müßt|müssen|V|情态动词 · 现在时 ihr 形式|（你们）必须|= müsst。Ihr müßt … gestehen：你们必须承认。
nach|nach|P|介词（支配与格）|按照；在……之后|① 放在名词后：der Zeit nach（按时间来说）；② nach denen：依照它们；③ nach und nach：逐渐地。
nehmen|nehmen|I|不定式|拿走|jm etw. nehmen：从……那里拿走。
nennt|nennen|V|现在时 man 形式|称为|man nennt X Y：人们把 X 称为 Y。
nicht|nicht|D|否定副词|不|nicht A, sondern B：不是 A 而是 B（本文用了很多次）。
nichts|nichts|R|不定代词|什么都没有|nichts Empirisches：没有任何经验性的东西。
niemals|niemals|D|副词|从不|
noch|noch|D|副词|还；仍|noch nicht：还没有；noch benötigt：还需要。
notwendige|notwendig|A|形容词 · 宾格复数（无冠词）|必然的|notwendige … Urteile：必然的判断。
notwendiger|notwendig|A|形容词 · 主格阳性|必然的|ein notwendiger Satz：一个必然的命题。
notwendigkeit|die Notwendigkeit|N|名词 · 阴性 · 单数|必然性|康德的第一条标准。Not（需要）+ wendig：「无法扭转的」。经验只能告诉我们「是这样」，不能告诉我们「必然这样」。
nun|nun|D|副词|那么；现在|句中的 nun 常是承接语气「那么」。
nur|nur|D|副词|只；仅仅|darf man nur …：只需……
näheren|näher|A|形容词比较级 · 属格阴性|更仔细的|der näheren Untersuchung：更仔细的研究。nah（近）的比较级：「更近地看」。
nämlich|nämlich|D|副词|即；就是|用来解释前面的词：nämlich in der Erfahrung（即在经验中）。
ob|ob|K|连词|是否|引导间接疑问句，动词在末尾。
obgleich|obgleich|K|连词|尽管|= obwohl。
objekts|das Objekt|N|名词 · 中性 · 单数 · 属格|对象的|eines Objekts überhaupt：一般对象的。Objekt 与 Gegenstand 在康德这里基本同义。
oder|oder|K|连词|或者；也就是|有时 oder 不是「或者」，而是「也就是说」：empirische Erkenntnisse, oder solche, die …（经验性知识，也就是那些……）。
offenbar|offenbar|D|副词|明显地|so offenbar …, daß …：如此明显……以至于……。
ohne|ohne|P|介词（支配宾格）/ 连词|没有；无需|ohne … zu bedürfen：无需……；ohne solche：没有这样的（知识）。
pflegt|pflegen|V|现在时 man 形式|惯常|pflegen zu + 不定式：通常、往往（做某事）。今天 pflegen 常义是「照料」。
posteriori|a posteriori|X|拉丁语|后天|a posteriori：「从后来的」→ 后天的，即依赖经验的。与 a priori 相对。
priori|a priori|X|拉丁语|先天|a priori：「从先前的」→ 先天的。康德的意思是「不依赖于经验」，不是「时间上在前」。本书最重要的术语。
quellen|die Quelle|N|名词 · 阴性 · 复数 · 宾格|来源|ihre Quellen：它们的来源。Quelle 原义是「泉水」。
ratsam|ratsam|A|形容词|可取的；明智的|es ist ratsam, … zu …：最好……。Rat（建议）+ -sam。
raum|der Raum|N|名词 · 阳性 · 单数|空间|康德的重要概念：去掉物体的一切经验属性，空间仍然留下，说明空间的表象是先天的（后面的「先验感性论」详细讨论）。
regel|die Regel|N|名词 · 阴性 · 单数|规则|aus einer allgemeinen Regel：从一条普遍规则中。
regeln|die Regel|N|名词 · 阴性 · 复数|规则|alle Regeln：一切规则。
rein|rein|A|形容词（表语）|纯粹的|康德术语：完全没有掺入经验成分的。先天知识中「纯粹」的是更严格的一种。
reine|rein|A|形容词 · 宾格复数（无冠词）|纯粹的|reine Urteile a priori：纯粹的先天判断。
reinen|rein|A|形容词 · 各种斜格|纯粹的|der reinen … Erkenntnis（属格）；den reinen Gebrauch（宾格）。书名 Kritik der reinen Vernunft 里的 reinen 也是这个词。
reiner|rein|A|形容词 · 属格复数（无冠词）|纯粹的|reiner Grundsätze a priori：纯粹先天原理的。
reines|rein|A|形容词 · 宾格中性|纯粹的|ein reines Erkenntnis：一种纯粹的知识（中性）。
rohen|roh|A|形容词 · 宾格阳性|粗糙的；未加工的|den rohen Stoff：粗糙的材料。roh 也是「生的」（rohes Fleisch，生肉）。
rühren|rühren|V|现在时 复数（从句中）|触动；刺激|die unsere Sinne rühren：刺激我们的感官（的对象）。今天也指「搅拌」「感动」。
