sagen|sagen|I|不定式|说|von etw. sagen, daß …：关于……说……。
sagt|sagen|V|现在时 man 形式|说|So sagt man von jemand …：比如人们会这样说某人……
samt|samt|P|介词（支配与格）|连同|samt den Kennzeichen：连同标志一起。
satz|der Satz|N|名词 · 阳性 · 单数|命题|在哲学里是「命题」，日常德语里是「句子」。ein Satz a priori：一个先天命题。
satze|der Satz|N|名词 · 阳性 · 单数 · 与格（旧词尾 -e）|命题|in dem Satze：在这个命题中。
schlechterdings|schlechterdings|D|副词|绝对地；无条件地|康德常用。和 schlecht（坏）没有关系！schlechterdings a priori：绝对先天的。
schwer|schwer|A|形容词|有重量的；重的|alle Körper sind schwer：一切物体都有重量。schwer 也有「困难的」的意思，但这里是「重」。
schwere|die Schwere|N|名词 · 阴性 · 单数 · 宾格|重量|物体的经验属性之一。
schwerlich|schwerlich|D|副词|很难；几乎不|schwerlich … gelten lassen：很难承认。
sei|sein|V|第一虚拟式 es / sie 形式|是|daß-从句里的书面用法：ein Zusammengesetztes … sei；so oder so beschaffen sei。
sein|sein|I|不定式|是；存在|es könnte wohl sein：很可能是这样；nicht anders sein können：不可能是别样的。
seinen|sein|T|物主代词 · 宾格阳性|它的；自己的|seinen Sitz haben：有其位置。
seiner|sein|T|物主代词 · 与格阴性|它的|mit seiner Notwendigkeit：连同它的必然性。
seines|sein|T|物主代词 · 属格中性|他的|das Fundament seines Hauses：他房子的地基。
selbst|selbst|D|副词|自己；甚至|放在名词前 =「甚至」：selbst unsere Erfahrungserkenntnis（甚至我们的经验知识）、selbst der gemeine Verstand；放在后面 =「本身」：aus sich selbst（从自身）、der Erfahrung selbst（经验本身）。
sich|sich|R|反身代词|自己|主语是第三人称时的反身代词。aus sich selbst：从自身中。
sich#refl|sich|R|反身代词 · 宾格（反身动词的一部分）|（不译）|反身动词的一部分，常常不必译出：sich finden（有、出现）、sich zeigen（显出）、sich bedienen（使用）、sich aufdringen（强加）。
sicher|sicher|D|副词|可靠地|sicher unterscheiden：可靠地区分。
sichere|sicher|A|形容词 · 主格复数（无冠词）|可靠的|sichere Kennzeichen：可靠的标志。
sie|sie|R|人称代词|她；它；它们|sie 可指阴性单数（它）或复数（它们）。点开句中的 sie 查看具体所指。
sie#her|sie|R|人称代词 · 阴性单数宾格|它|指前面的阴性名词（这里是 Erkenntnis）：weil wir sie … ableiten。
sie#she|sie|R|人称代词 · 阴性单数主格|它|指前面的阴性名词：sie（= Erkenntnis）entspringt；sie（= Erfahrung）fortgeht。
sie#them|sie|R|人称代词 · 复数宾格|它们|sie zu verknüpfen（联结它们，指表象）；unterscheidet sie（区分它们，指先天知识）。
sind|sein|V|现在时 复数|是|
sinn|der Sinn|N|名词 · 阳性 · 单数|意义|den ganzen Sinn：全部的意义；im strengsten Sinne：在最严格的意义上。复数 Sinne 则是「感官」。
sinne|der Sinn|N|名词 · 阳性 · 复数|感官|unsere Sinne：我们的感官；der Sinne：感官的（属格复数）。Sinn 单数常指「意义」，复数 Sinne 指「感官」。
sinnliche|sinnlich|A|形容词 · 宾格复数（无冠词）|感性的|durch sinnliche Eindrücke：通过感性印象。康德术语：与感官（Sinne）有关的。
sinnlicher|sinnlich|A|形容词 · 属格复数（无冠词）|感性的|den rohen Stoff sinnlicher Eindrücke：感性印象的粗糙材料。没有冠词时形容词自己带 -er 标明属格复数。
sitz|der Sitz|N|名词 · 阳性 · 单数 · 宾格|所在；位置|seinen Sitz haben：有其所在。sitzen（坐）→ Sitz（座位、所在地）。
so|so|D|副词 / 连词|那么；如此；这样|① 句首引出主句：Wenn …, so …（那么）；② 如此：so offenbar（如此明显）；③ 这样：so oder so（这样或那样）；④ So sagt man …（例如人们会说）。
sogleich|sogleich|D|副词|立刻|= sofort。
solche|solch|T|指示代词 · 复数|这样的|solche Erkenntnisse：这样的知识；solche, die …：那些……的（知识）。
solches|solch|R|指示代词 · 宾格中性|这样的（一个）|ein solches (Beispiel)：这样一个（例子）。
sollte|sollen|V|第二虚拟式 es 形式|该；能|wodurch sollte … erweckt werden：该被什么唤起呢？（反问）
sondern|sondern|K|连词|而是|只用在否定之后：nicht A, sondern B。
sonst|sonst|D|副词|否则；别的|wodurch … sonst：还能被别的什么。
soviel|soviel|K|连词|就……而言|soviel wir bisher wahrgenommen haben：就我们迄今所知觉到的而言。
stattfinden|stattfinden|V|现在时 复数（从句末）|发生；成立|statt（位置）+ finden：「找到位置」→ 发生。
steigerung|die Steigerung|N|名词 · 阴性 · 单数|提升；拔高|steigern（提高）+ -ung。eine willkürliche Steigerung der Gültigkeit：对有效性的任意拔高。
stoff|der Stoff|N|名词 · 阳性 · 单数 · 宾格|材料|der rohe Stoff：粗糙的材料。康德区分认识的「材料」（来自感官）和「形式」（来自我们自己）。
strenge|streng|A|形容词 · 主格 / 宾格（无冠词）|严格的|wahre oder strenge … Allgemeinheit；strenge Allgemeinheit：严格的普遍性（先天知识的标志）。
strengen|streng|A|形容词 · 属格阴性|严格的|einer strengen Allgemeinheit der Regel：规则的严格普遍性的。
strenger|streng|A|形容词 · 与格阴性（无冠词）|严格的|in strenger Allgemeinheit：以严格的普遍性（in + 与格，没有冠词时形容词带 -er）。
strengsten|streng|A|形容词最高级 · 与格阳性|最严格的|im strengsten Sinne：在最严格的意义上。
stütze|die Stütze|N|名词 · 阴性 · 单数|支撑|stützen（支撑）。wenn ihnen die Stütze entzogen wird：一旦失去支撑。
subjektiven|subjektiv|A|形容词 · 与格阴性|主观的|bloß subjektiven Notwendigkeit：只是主观的必然性（休谟对因果必然性的解释）。
substanz|die Substanz|N|名词 · 阴性 · 单数|实体|康德的范畴之一：属性所依附的、持存的东西。als Substanz oder einer Substanz anhängend：作为实体或依附于实体的东西。
sätze|der Satz|N|名词 · 阳性 · 复数 · 宾格|命题|alle Sätze der Mathematik：数学的一切命题。
tat|tun|V|过去式 er 形式|做|wie Hume tat：像休谟所做的那样。tun - tat - getan。
tatsache|die Tatsache|N|名词 · 阴性 · 单数|事实|Tat（行为）+ Sache（事情）。als Tatsache：作为事实。
teilhaftig|teilhaftig|A|形容词|分有……的|einer Sache teilhaftig sein：分有、享有……（要求属格）。
teils|teils|D|副词|一部分；一方面|teils …, teils …：一方面……一方面……。
trennen|trennen|I|不定式|分开|zu trennen：（去）分开（表象）。
um|um|K|连词|为了|um … zu：为了……。
unabhängig|unabhängig|A|形容词|不依赖的|von etw. unabhängig：不依赖于……。先天知识的定义：von aller Erfahrung unabhängig。
unabhängiges|unabhängig|A|形容词 · 宾格中性|不依赖的|ein … unabhängiges Erkenntnis：一种不依赖于……的知识（中性）。
unbeschränkte|unbeschränkt|A|形容词 · 宾格阴性|无限制的|die unbeschränkte Allgemeinheit：无限制的普遍性。
und|und|K|连词|和|
undurchdringlichkeit|die Undurchdringlichkeit|N|名词 · 阴性 · 单数 · 宾格|不可入性|un-（否定）+ durch-dring-lich（可穿透的）+ -keit：物体占据空间、别的东西无法同时进入。
unentbehrlichkeit|die Unentbehrlichkeit|N|名词 · 阴性 · 单数 · 宾格|不可或缺性|entbehren：缺少。un-entbehr-lich：不可缺少的。
unfehlbar|unfehlbar|A|形容词|万无一失的|fehlen（出错）+ -bar（可……）+ un-（不）：不会出错的。
unmittelbar|unmittelbar|D|副词|直接地|nicht unmittelbar aus der Erfahrung：不是直接从经验中。Mittel（中介）+ un-：没有中介的。
uns|wir|R|人称代词 · 宾格 / 与格|我们|in uns：在我们心中；lehrt uns：告诉我们。
unser|unser|T|物主代词 · 主格中性|我们的|unser eigenes Erkenntnisvermögen：我们自己的认识能力。
unsere|unser|T|物主代词 · 阴性 / 复数|我们的|alle unsere Erkenntnis（阴性主格）；unsere Sinne（复数宾格）。
unserem|unser|T|物主代词 · 与格中性|我们的|in unserem Erkenntnisse：在我们的知识中。
unseres|unser|T|物主代词 · 属格中性|我们的|unseres Erkenntnisvermögens：我们认识能力的。
unter|unter|P|介词|在……之下|unter X Y verstehen：把 X 理解为 Y。
untergrub|untergraben|V|过去式 er 形式（从句末）|挖空|untergraben：从下面挖，掘地基。
unterscheiden|unterscheiden|I|不定式 / 现在时 wir|区分|etw. von etw. unterscheiden：把……与……区分开。本节反复出现的动词。
unterscheidet|unterscheiden|V|现在时 man 形式|区分|unterscheidet sie von den empirischen：把它们与经验性知识区分开。
unterschiede|der Unterschied|N|名词 · 阳性 · 单数 · 与格（旧词尾 -e）|区别|Von dem Unterschiede：论……的区别。
untersuchung|die Untersuchung|N|名词 · 阴性 · 单数 · 属格|研究；考察|der näheren Untersuchung：更仔细的研究（属格，由 benötigt 支配）。
unzertrennlich|unzertrennlich|D|副词|不可分离地|un- + zer-trenn-lich（可拆开的）。
ursache|die Ursache|N|名词 · 阴性 · 单数|原因|康德对休谟的回应围绕「原因」这个概念展开：原因的概念本身就包含必然联结。
ursprung|der Ursprung|N|名词 · 阳性 · 单数|起源|ein Ursprung a priori：先天的起源。
urteil|das Urteil|N|名词 · 中性 · 单数|判断|康德核心术语：把概念联结起来的思维活动，用一句话表达出来就是一个命题。ein Urteil a priori：一个先天判断。
urteile|das Urteil|N|名词 · 中性 · 复数|判断|reine Urteile a priori：纯粹的先天判断。
urteilen|das Urteil|N|名词 · 中性 · 复数 · 与格|判断|ihren Urteilen：给它的判断；in Urteilen：在判断中。
veranlaßt|veranlassen|I|过去分词|引起；促使|= veranlasst。durch sinnliche Eindrücke bloß veranlaßt：仅仅由感性印象所引起（印象只是契机，不是来源）。
verarbeiten|verarbeiten|I|不定式|加工|etw. zu etw. verarbeiten：把……加工成……。
verfolg|der Verfolg|N|名词 · 阳性 · 单数|进程；下文|im Verfolg：在下文中、接下来（旧）。
vergleichen|vergleichen|I|不定式|比较|diese zu vergleichen：比较这些（表象）。
verknüpfen|verknüpfen|I|不定式|联结|康德术语：把表象结合在一起。Knoten（结）→ knüpfen（打结）。
verknüpfung|die Verknüpfung|N|名词 · 阴性 · 单数 · 属格|联结|die Notwendigkeit der Verknüpfung mit einer Wirkung：与结果相联结的必然性。
verlorengehen|verlorengehen|I|不定式|丧失|verloren（丢失的）+ gehen。
vermögen|das Vermögen|N|名词 · 中性 · 单数 · 宾格|能力|ein Vermögen des Erkenntnisses a priori：一种先天认识的能力。今天 Vermögen 最常见的意思是「财产」。
verschwunden|verschwinden|I|过去分词|消失|ganz verschwunden ist：已经完全消失。
verstand|der Verstand|N|名词 · 阳性 · 单数|知性|康德术语：形成概念、作出判断的能力，和 Sinnlichkeit（感性）、Vernunft（理性）区分。der gemeine Verstand：普通知性、常识。
verstandesgebrauche|der Verstandesgebrauch|N|名词 · 阳性 · 单数 · 与格（旧词尾 -e）|知性的运用|aus dem gemeinsten Verstandesgebrauche：来自最普通的知性运用。
verstandestätigkeit|die Verstandestätigkeit|N|名词 · 阴性 · 单数 · 宾格|知性活动|Verstand + Tätigkeit（活动）。
verstattet|verstatten|I|过去分词|允许（旧）|= gestattet。als möglich verstattet werden：被允许为可能的。
verstehen|verstehen|I|不定式|理解|unter X Y verstehen：把 X 理解为 Y（下定义）。
veränderung|die Veränderung|N|名词 · 阴性 · 单数|变化|eine jede Veränderung hat ihre Ursache：每一个变化都有其原因。
vom|von + dem|P|介词与冠词缩合|从……|vom empirischen (Erkenntnis)：与经验性的（知识）。
von|von|P|介词（支配与格）|从；关于；不依赖于|von etw. unabhängig：不依赖于；von etw. abgeleitet：从……推导出；von jemand sagen：关于某人说；Von dem Unterschiede：论……的区别（标题）。
vor|vor|P|介词（与格 / 宾格）|在……之前|vor der Erfahrung：在经验之前。
vorgelegten|vorlegen|A|过去分词作定语 · 与格阴性|提出的|der vorgelegten Frage：所提出的问题。
vorher|vorher|D|副词|之前|
vorher#sep|vorhergehen|Z|可分动词前缀（被拆到句末）|（先）行|属于 geht … vorher = vorhergehen（先于）。keine Erkenntnis geht vor der Erfahrung vorher：没有知识先于经验。
vorhergeht|vorhergehen|V|现在时 es 形式（从句末合写）|先行|mit dem, was vorhergeht：与在它之前的东西。
vorstellungen|die Vorstellung|N|名词 · 阴性 · 复数|表象|康德术语：心中呈现的一切（感觉、直观、概念都是表象）。日常德语里是「想象、观念」，也指「演出」。
wahre|wahr|A|形容词 · 宾格阴性（无冠词）|真正的|wahre oder strenge … Allgemeinheit：真正的或严格的普遍性。
wahrgenommen|wahrnehmen|I|过去分词|知觉|wahrnehmen：知觉、察觉（wahr + nehmen：「当真地拿取」）。
warten|warten|I|不定式|等待|auf etw. warten：等待……。
was|was|R|关系 / 疑问代词|（……的）东西|alles, was …：一切……的东西；dem, was …：……的东西。
weg|weg|D|副词|离开；去掉|
weg#sep|weglassen|Z|可分动词前缀（被拆到句末）|去掉|属于 Lasset … weg = weglassen（去掉）。
weglassen|weglassen|I|不定式|去掉；省略|weg（离开）+ lassen（让）。
weglaßt|weglassen|V|现在时 ihr 形式（从句末合写）|（你们）去掉|= weglasst。
weiche|die Weiche|N|名词 · 阴性 · 单数 · 宾格|软（度）|die Härte oder Weiche：硬或软。今天多说 Weichheit；Weiche 今天常指铁路「道岔」。
weil|weil|K|连词|因为|从属连词，动词放末尾。
welche|welcher|R|关系代词 · 主格阴性|（……的）那种|= die（书面）。von der, welche in den meisten Fällen (gilt)：从在大多数情况下有效的那种。
welchen|welcher|R|关系限定词 · 宾格阳性|（而这个）……|welchen Zusatz：「而这个添加物」。关系从句以 welch- + 名词开头，等于 und diesen Zusatz。
welcher|welcher|R|关系代词 · 主格阳性|（……的）它|welcher nun ganz verschwunden ist：它（物体）现在已经完全消失了。
wenigstens|wenigstens|D|副词|至少|
wenn|wenn|K|连词|如果；当……时|从属连词，动词放末尾。wenn … gleich：尽管。
werden|werden|V|助动词|将；被|① 被动态：erweckt werden（被唤起）；② 将来时：Wir werden … verstehen（我们将把……理解为）；③ 变成：bekannt werden（为人所知）。
wesentlich|wesentlich|D|副词|本质上|Wesen（本质）+ -lich。
wie|wie|K|连词|如；像|wie z. B.：例如；wie Hume tat：像休谟所做的那样。
wieder|wieder|D|副词|又；再|immer wieder：一再。
wiederum|wiederum|D|副词|又；再次|= wieder（书面）。
will|wollen|V|情态动词 · 现在时 man 形式|想要|Will man …, so …：如果想要……，那么……（动词放首位的条件句）。
willkürliche|willkürlich|A|形容词 · 主格阴性|任意的|eine willkürliche Steigerung：一种任意的拔高。Willkür：任意。
wir|wir|R|人称代词|我们|
wird|werden|V|现在时 es 形式|被；将|被动态：entzogen wird（被抽走）、gedacht wird（被思考）。
wirklich|wirklich|D|副词|确实；真的|wirklich gebe：确实存在。
wirklichkeit|die Wirklichkeit|N|名词 · 阴性 · 单数 · 属格|现实性|zum Beweise der Wirklichkeit：为了证明……确实存在。康德术语：「现实性」（与「可能性」「必然性」并列）。
wirkung|die Wirkung|N|名词 · 阴性 · 单数 · 与格|结果；效果|Ursache und Wirkung：原因与结果（因果）。
wissen|wissen|I|不定式|知道|a priori wissen：先天地知道。
wissenschaften|die Wissenschaft|N|名词 · 阴性 · 复数 · 与格|科学|aus Wissenschaften：来自科学的（例子）。
wo|wo|K|疑问词 / 关系副词|哪里；凡在……之处|① 疑问：wo wollte … hernehmen（从哪里取得？）；② wo …, da …（凡在……之处，那里就……）。
wodurch|wodurch|K|疑问副词|通过什么|wodurch sollte … erweckt werden：该被什么唤起？
wohl|wohl|D|副词 / 语气词|很可能；固然|es könnte wohl sein：很可能是这样；man pflegt wohl …：人们往往会……。
wollte|wollen|V|过去式 / 第二虚拟式 er 形式|想要；该|① 想要：ableiten wollte（想要推导）；② 反问中 = sollte：wo wollte … hernehmen（从哪里取得呢）。
womit|womit|K|关系副词|借以|= mit der / mit welcher。
woran|woran|K|关系副词|借以；凭借它|= an dem。ein Merkmal, woran wir … unterscheiden können：一个我们能借以区分……的标志。
wären|sein|V|第二虚拟式 复数|（假如）是|wenn alle Regeln … zufällig wären：如果一切规则都是偶然的。
würde|werden|V|第二虚拟式 es / er 形式|会|würde + 不定式 = 英语 would：daß es einfallen würde（会倒塌）；verlorengehen würde（会丧失）。
z|z. B.|M|缩写的一部分|例如|z. B. = zum Beispiel。
zeigen|zeigen|I|不定式|指出；证明|ist leicht zu zeigen：很容易证明；A als B zu zeigen：指出 A 比指出 B（更容易）。
zeigt|zeigen|V|现在时 sie / es 形式|指向；显出|auf etw. zeigen：指向；sich zeigen：显示出来。
zeit|die Zeit|N|名词 · 阴性 · 单数|时间|der Zeit nach：按时间来说。
zu|zu|P|介词（与格）/ 不定式标记|到；成为；（不定式标记）|① 介词 + 与格：zu einer Erkenntnis verarbeiten（加工成知识）；② 不定式标记：zu vergleichen、zu zeigen。
zueinander|zueinander|D|副词|彼此|zueinander gehören：彼此相属。
zufällig|zufällig|A|形容词|偶然的|与 notwendig（必然的）相对。Zufall：偶然。
zufälligkeit|die Zufälligkeit|N|名词 · 阴性 · 单数 · 宾格|偶然性|
zugleich|zugleich|D|副词|同时|
zum|zu + dem|P|介词与冠词缩合 · 与格|为了|zum Beweise：为了证明。
zur|zu + der|P|介词与冠词缩合 · 与格阴性|为了；对于|zur Ausübung：为了施展；zur Absonderung：（善于）分离；zur Möglichkeit der Erfahrung：对经验的可能性来说。
zusammengesetztes|zusammengesetzt|N|过去分词名词化 · 中性|复合物|ein Zusammengesetztes：一个复合物。zusammen（一起）+ setzen（放）。
zusatz|der Zusatz|N|名词 · 阳性 · 单数 · 宾格|添加物|zu（加）+ Satz：加上去的部分。指我们的认识能力自己添加的东西。
zuvor|zuvor|D|副词|事先|
zwar|zwar|D|副词|固然；虽然|zwar …, aber …：虽然……但是……。
zweifel|der Zweifel|N|名词 · 阳性 · 单数|怀疑|Zweifel an etw.：对……的怀疑。gar kein Zweifel：毫无疑问。
zweitens|zweitens|D|副词|第二|对应前面的 erstlich（第一）。
öftern|öfter|A|形容词比较级 · 与格阴性|经常的|einer öftern Beigesellung：经常的伴随。öfter（更经常的）在这里只是「经常的」。
überdem|überdem|D|副词（古旧）|此外|= überdies。
überführt|überführen|I|过去分词|说服；证明有罪|überführt durch …：被……说服。法律用语：jn einer Sache überführen（证明某人犯了某罪）。
überhaupt|überhaupt|D|副词|一般的；总之|康德术语用法：ein Objekt überhaupt =「一般对象」，即不考虑任何具体内容的对象。und überhaupt：一般来说。
übrig|übrig|A|形容词|剩下的|
übrig#sep|übrigbleiben|Z|可分动词前缀（被拆到句末）|剩下|属于 bleibt … übrig = übrigbleiben（剩下）。so bleibt doch der Raum übrig：空间仍然剩下。
übung|die Übung|N|名词 · 阴性 · 单数|练习|lange Übung：长期的练习。
