ab|ab|P|介词 / 副词|从……起；离开|单独出现时多为可分动词的前缀。
ab#sep|abschrecken|Z|可分动词前缀（被拆到句末）|（吓）退|属于本句的 schreckt … ab = abschrecken（吓退）。可分动词在主句里拆开：词干变位放第二位，前缀 ab 放句末。读到句末的 ab 时，要回头和 schreckt 合起来理解。
abbruch|der Abbruch|N|名词 · 阳性 · 单数 · 宾格|损害；中断|jm/etw. Abbruch tun：有损于……（与格）。
aber|aber|K|连词 / 副词|但是；然而|德语的 aber 很灵活：可以放句首，也常插在句中（如 Zu dieser Aufklärung aber …），意思一样是「但是、而」。
abfall|der Abfall|N|名词 · 阳性 · 单数 · 主格|脱离；摆脱；（今义）垃圾|Abfall von etw.：从……脱离、背弃。今天最常见的意思是「垃圾」，这里是古义。
abfassung|die Abfassung|N|名词 · 阴性 · 单数 · 宾格|起草；拟定|abfassen（起草）+ -ung。
abgaben|die Abgabe|N|名词 · 阴性 · 复数 · 宾格|捐税；赋税|ab-geben（交出）→ 交出去的钱 = 税。
abgehalten|abhalten|I|过去分词|阻止；使远离|jn von etw. abhalten：阻止某人做某事。这里用于被动：abgehalten werden。
abgeworfen|abwerfen|I|过去分词|甩掉；抛掉|haben … abgeworfen：完成时。werfen（扔）- warf - geworfen。
ablehnt|ablehnen|V|现在时 er 形式（从句中合写）|拒绝|可分动词 ab-lehnen。在从句末尾，前缀和词干重新合在一起写。
absichtlich|absichtlich|D|副词|故意地|Absicht（意图）+ -lich。
abweichenden|abweichen|A|现在分词作定语 · 宾格复数|偏离的|von etw. abweichen：偏离……。现在分词 = 不定式 + d：abweichend，再加形容词词尾 -en。
abwürfe|abwerfen|V|第二虚拟式 er 形式|（假如）甩掉|werfen 的过去式 warf → 虚拟式 würfe。在 wer 引导的从句中表示假设。
abzuhalten|abhalten|I|zu-不定式（可分动词）|阻止|可分动词的 zu 插在前缀和词干中间：ab-zu-halten。
alle|all-|T|不定代词 / 冠词 · 复数或阴性|所有的；一切|alle weitere Aufklärung：一切进一步的启蒙；alle seine Gedanken：他所有的想法。
allein|allein|D|副词 / 连词|独自；只有；然而|三种用法：① 独自（allein zu gehen）；② 只有（der allein kann …）；③ 句首古旧连词「然而」= aber（allein ein Beispiel …）。
allem|all-|T|不定代词 · 与格单数|一切|unter allem, was …：在一切……之中；nach allem seinen Vermögen：竭尽全力。
allen|all-|T|不定代词 · 与格复数|所有的|von allen Seiten：从各方面；in allen Stücken：在一切方面。
aller|all-|T|不定代词 · 属格|一切的|aller Aufklärung unfähig：不能有任何启蒙（属格，由 unfähig 支配）；nicht aller：并非全体的。
allerdings|allerdings|D|副词|当然；诚然|表示承认：「那当然可以」。
alles|all-|T|不定代词 · 中性单数|一切|alles dessen, was …：一切……的东西的（属格）；fast alles：几乎一切。
allgemeine|allgemein|A|形容词 · 宾格复数（无冠词 → 强变化）|普遍的；全体的|allgemeine Widersetzlichkeiten：普遍的反抗。
allgemeinen|allgemein|A|形容词 · 属格阴性|普遍的|der allgemeinen Aufklärung：普遍启蒙的。
allmählich|allmählich|D|副词|逐渐地|
als|als|K|连词|作为；比；除了|本文三种用法：① als Gelehrter「作为学者」（表身份，最常见）；② nichts als Freiheit「除自由外别无」；③ ebensowohl als die alten「和旧的一样」。
alsdann|alsdann|D|副词（古旧）|然后；那时|= dann。
also|also|D|副词|因此；所以|注意：不是英语的 also（也）！德语「也」是 auch。
alten|alt|A|形容词（名词化）|旧的|die alten：旧的（偏见）；beim alten：维持旧状。
am|an + dem|P|介词与冠词缩合 · 与格|在……；（+ 最高级）最|am Mangel：在于缺乏；am zärtlichsten：最温柔地（am + 最高级 -sten 是副词最高级的固定形式）。
amt|das Amt|N|名词 · 中性 · 单数 · 宾格|职务；公职|sein Amt verwalten：履行职务；ein Amt niederlegen：辞职。
amte|das Amt|N|名词 · 中性 · 单数 · 与格（旧词尾 -e）|职务|旧式与格在名词后加 -e：in einem … Amte。
amts|das Amt|N|名词 · 中性 · 单数 · 属格|职务的|zufolge seines Amts：根据他的职务。
amtspflicht|die Amtspflicht|N|名词 · 阴性 · 单数|职责|Amt（职务）+ Pflicht（义务）。复合词的性由最后一个词决定。
an|an|P|介词（与格 / 宾格）|在……旁；向|an + 与格（位置）、an + 宾格（方向）。sich an ein Publikum wenden：向公众说话；sich an denen rächen：向那些人报复；an etw. arbeiten：致力于……
an#sep|angehen|Z|可分动词前缀（被拆到句末）|（与……）相关|属于 geht … an = angehen。das geht ihn nichts an：这与他无关。
anbefohlen|anbefehlen|I|过去分词|命令|jm etw. anbefehlen（古旧）：命令某人做某事。被动：anbefohlen wird。
andere|ander-|R|不定代词 · 复数主格|别人；其他人|andere werden … übernehmen：别人会接手。
anderen|ander-|R|不定代词 · 与格复数 / 属格|别人；另一个|es wird anderen leicht：对别人来说变得容易；eines anderen：另一个人的。
andern|ander-|R|不定代词（anderen 的缩写形式）|别人；另一个|eines andern = eines anderen；den andern = den anderen。18世纪常省略 e。
angeführt|anführen|I|过去分词|引述；提到|angeführt wird：被引述（被动）。
angelegentliche|angelegentlich|A|形容词 · 宾格复数|要紧的；急切的|与 Angelegenheit（事务）同源。
angenommen|annehmen|I|过去分词|接受；录用|ist angenommen worden：已被录用（被动现在完成时）。
angenommenen|annehmen|A|过去分词作定语 · 与格|公认的；被采纳的|vom angenommenen Symbol：从公认的信条（偏离）。
angesetzt|ansetzen|I|过去分词|安排；派定|zu etw. angesetzt sein：被安排去做……
angestellt|anstellen|I|过去分词|雇用|angestellt sein, etw. zu tun：受雇去做……（今天 angestellt 就是「受雇的、职员」）。
angestellter|anstellen|A|过去分词作定语 · 主格阳性|受雇的；受聘的|ein angestellter Lehrer：一个受聘的教师。
angetroffen|antreffen|I|过去分词|遇到；发现|angetroffen wird：被发现。
anheischig|anheischig|A|形容词（古旧）|自愿承担的|sich zu etw. anheischig machen：自愿承担……
anmerkungen|die Anmerkung|N|名词 · 阴性 · 复数 · 宾格|评论；注释|Anmerkungen machen：作评论。
ansehen|das Ansehen|N|名词 · 中性 · 单数 · 主格|威望；权威|动词 ansehen（看）名词化 → 被人仰望的东西 → 威望。
ansehung|die Ansehung|N|名词 · 阴性（只用于固定词组）|考虑；方面|in Ansehung + 属格：就……而言（古旧，康德常用）。
ansieht|ansehen|V|现在时 er 形式（从句中合写）|看待|sich als etw. ansehen：把自己看作……
antwort|die Antwort|N|名词 · 阴性 · 单数 · 主格|回答|
antworte|antworten|V|现在时 ich 形式|回答|ich antworte：我回答。ich 形式词尾 -e。
anvertrauten|anvertrauen|A|过去分词作定语 · 与格|被托付的|jm etw. anvertrauen：把某物托付给某人。ihm anvertrauten：「托付给他的」——带着与格补语的扩展定语。
anzeige|die Anzeige|N|名词 · 阴性 · 单数 · 宾格|通告；预告|今天常指「广告、告示」，在警察语境中指「报案」。
anzeigen|die Anzeige|N|名词 · 阴性 · 复数 · 宾格|迹象；征兆|deutliche Anzeigen：明显的迹象。
arbeiten|arbeiten|V|不定式 / 现在时 sie（复数）形式|工作；努力|an etw. arbeiten：致力于……；sich herausarbeiten：奋力挣脱。
art|die Art|N|名词 · 阴性 · 单数 · 与格|种类；方式|von der Art：这一类的。
arzt|der Arzt|N|名词 · 阳性 · 单数 · 宾格|医生|
auch|auch|D|副词|也；甚至；即使|auch nur：哪怕只是；wer … auch：无论谁；und sollte er auch …：即使……
aude|audere|X|拉丁语 · 命令式|敢于！|Sapere aude：敢于知道 / 敢于明智（贺拉斯）。
auf|auf|P|介词（与格 / 宾格）|在……上；向；以|固定搭配很多：auf sich nehmen（承担）、auf immer（永远）、auf einige Zeit（一段时间）、auf diese Bedingung（以此为条件）、auf etw. hinauslaufen（导致）、auf etw. beruhen（基于）。
auferlegen|auferlegen|I|不定式|加给；强加|sich etw. auferlegen：给自己加上……
auferlegten|auferlegen|A|过去分词作定语 · 宾格复数|被加上的|die ihm auferlegten Abgaben：加在他身上的捐税。
aufgeklärt|aufklären|A|过去分词 / 形容词|已启蒙的|selbst aufgeklärt：自己已经启蒙。
aufgeklärten|aufklären|A|形容词 · 与格中性|已启蒙的|in einem aufgeklärten Zeitalter：在一个已启蒙了的时代。康德的回答是：不是！
aufgewiegelt|aufwiegeln|I|过去分词|煽动|jn zu etw. aufwiegeln：煽动某人去做……
aufkläre|aufklären|V|第一虚拟式 er 形式|启蒙|sich aufklären：启蒙自己。Daß-从句里的第一虚拟式表示一种设想。
aufklärung|die Aufklärung|N|名词 · 阴性 · 单数|启蒙|全文主题词。auf（向上、打开）+ klären（使清楚、澄清）+ -ung。字面：「澄清、使明亮」。英语 Enlightenment、法语 Lumières 都含「光」的意象。
auflagen|die Auflage|N|名词 · 阴性 · 复数 · 属格|赋税；（今义）版次|solcher Auflagen：这类赋税的。今天最常见意思是书的「版次」。
aufschieben|aufschieben|I|不定式|推迟|
auftrag|der Auftrag|N|名词 · 阳性 · 单数 · 宾格|委托；任务|einen Auftrag ausrichten：执行委托。
aufzuwerfen|aufwerfen|I|zu-不定式（可分动词）|自封为|sich zu etw. aufwerfen：自封为……
aus|aus|P|介词（支配与格）|从……出来|aus 永远支配与格。aus seiner … Unmündigkeit：从他的不成年状态中出来；aus eigener Einsicht：出于自己的见识。
aus#sep|ausbreiten|Z|可分动词前缀（被拆到句末）|（扩）展|属于 breitet sich … aus = sich ausbreiten（扩展）。
ausgang|der Ausgang|N|名词 · 阳性 · 单数 · 主格|出口；走出|aus（出）+ Gang（走）。康德定义启蒙的关键词：启蒙不是状态，而是「走出来」这个动作。今天车站的 Ausgang 就是「出口」。
ausganges|der Ausgang|N|名词 · 阳性 · 单数 · 属格|走出的|阳性 / 中性属格加 -es 或 -s。
ausgewickelt|auswickeln|I|过去分词|剥开；展开|hat … ausgewickelt：已剥露出来。wickeln：缠、包。
ausrichtet|ausrichten|V|现在时 er 形式（从句末合写）|执行|einen Auftrag ausrichten：执行委托。
ausschreibungen|die Ausschreibung|N|名词 · 阴性 · 复数 · 属格|摊派；征税|今天指「招标、公开招聘」。
aussetzt|aussetzen|V|现在时 er 形式（从句末合写）|使遭受|sich einer Sache aussetzen：使自己遭受……
auszubreiten|ausbreiten|I|zu-不定式（可分动词）|扩展|sich auszubreiten：扩展自己。
außer|außer|P|介词（支配与格）|除……之外；在……外面|außer dem Gängelwagen：在学步车之外；außer dem, daß …：除了……之外。
außerhalb|außerhalb|D|副词|在外面|
beantwortung|die Beantwortung|N|名词 · 阴性 · 单数|答复|be- + Antwort + -ung。
bearbeiten|bearbeiten|I|不定式|加工；努力|sich dahin bearbeiten：朝那个方向努力。
bearbeitung|die Bearbeitung|N|名词 · 阴性 · 单数|加工；磨炼|durch eigene Bearbeitung ihres Geistes：通过对自己精神的磨炼。
bedienen|bedienen|I|不定式|（sich + 属格）使用|全文核心动词！sich einer Sache bedienen：使用、运用某物，宾语用属格。日常的 bedienen 是「服务、伺候」（Kellner bedient Gäste）。
bedient|bedienen|V|现在时 er/sie 形式|使用|deren sie sich bedient：教会所运用的那些（论据）。
bedingung|die Bedingung|N|名词 · 阴性 · 单数 · 宾格|条件|auf diese Bedingung：以此为条件。
bedrückung|die Bedrückung|N|名词 · 阴性 · 单数|压迫|
befehls|der Befehl|N|名词 · 阳性 · 单数 · 属格|命令的|dieses Befehls：这道命令的。
befremdlicher|befremdlich|A|形容词 · 主格阳性（不定冠词后）|令人诧异的|fremd（陌生）→ befremden（使惊异）。
beförderlich|beförderlich|A|形容词（古旧）|有促进作用的|jm beförderlich sein：促进……
beförderung|die Beförderung|N|名词 · 阴性 · 单数|促进|今天多指「运输」或「升职」。
begriffen|der Begriff|N|名词 · 阳性 · 复数 · 与格|概念；见解|nach ihren Begriffen：按照他们的见解。
begünstigt|begünstigen|V|现在时 er 形式|支持；偏袒|
behandeln|behandeln|I|不定式|对待；处理|jn seiner Würde gemäß behandeln：按尊严对待某人。
beharrliche|beharrlich|A|形容词 · 宾格阴性|持久的；顽固的|
beherrscher|der Beherrscher|N|名词 · 阳性 · 复数 · 主格|统治者|
bei|bei|P|介词（支配与格）|在……时；在……那里|bei weitem：远远地；bei Freiheit：在有自由的情况下。
beim|bei + dem|P|介词与冠词缩合|在……|es beim Alten bewenden lassen：维持原状。
beinahe|beinahe|D|副词|几乎|= fast。
beispiel|das Beispiel|N|名词 · 中性 · 单数|例子；榜样|zum Beispiel（z. B.）：例如。
bemühen|bemühen|I|不定式|（sich）费心；努力|sich bemühen：操心、费劲。
bequem|bequem|A|形容词|舒适的；方便的|qu 读 /kv/：be-KVEEM。
berechtigt|berechtigen|A|过去分词 / 形容词|有权的|zu etw. berechtigt sein：有权……
berlinischen|berlinisch|A|形容词 · 属格阴性|柏林的|die Berlinische Monatsschrift：《柏林月刊》，本文首发刊物。
beruf|der Beruf|N|名词 · 阳性 · 单数 · 宾格|使命；天职；（今）职业|来自 berufen（召唤）：被召唤去做的事。路德把 Beruf 用于「上帝的召唤」，此后才有「职业」义。
berufs|der Beruf|N|名词 · 阳性 · 单数 · 属格|使命的|des Berufs jedes Menschen, selbst zu denken：每个人自己思考之使命的。
beruht|beruhen|V|现在时 er 形式|基于|auf etw. beruhen：基于……
beschaffenheit|die Beschaffenheit|N|名词 · 阴性 · 单数 · 宾格|性质；状况|
beschließen|beschließen|I|不定式|决定|über etw. beschließen：对……作决定。
beschlossen|beschließen|I|过去分词|决定|beschlossen werden kann：可以被决定。
beschlüsse|der Beschluss|N|名词 · 阳性 · 复数 · 宾格|决议|旧拼写 Beschluß。复数变音：Beschlüsse。
beschwerlich|beschwerlich|A|形容词|费力的；艰难的|
besonders|besonders|D|副词|特别地|Besonders ist hiebei：这里特别的是……
besorgen|besorgen|I|不定式|担心（古）；办理（今）|für etw. besorgen（古）：为……担心。今天最常用义是「去买、弄来」。
bessere|gut|A|形容词比较级 · 宾格阴性|更好的|gut – besser – best。
besseren|gut|A|形容词比较级 · 属格阴性|更好的|der besseren Einsicht：更好的见解的。
besserer|gut|A|形容词比较级 · 属格阴性（无冠词）|更好的|wegen besserer Einrichtung：关于更好的安排。
bessern|gut|A|形容词比较级（名词化，旧缩写）|更好的（状态）|eines bessern = eines besseren。
besteht|bestehen|V|现在时 er 形式（从句末）|在于；存在|in etw. bestehen：在于……；aus etw. bestehen：由……组成。
bestimmte|bestimmt|A|形容词 · 宾格阴性|确定的；一定的|
bestimmung|die Bestimmung|N|名词 · 阴性 · 单数|使命；规定；确定|康德重要概念：人的 Bestimmung =「人被规定去成为的样子」= 使命。
bestraft|bestrafen|I|过去分词|惩罚|bestraft werden：被惩罚。
bestätigt|bestätigen|I|过去分词|批准；证实|
betracht|der Betracht|N|名词 · 阳性 · 单数 · 与格|考虑；角度|in diesem Betracht：从这个角度。
betrachtet|betrachten|V|现在时 man/er 形式|观察|im Großen betrachten：从大处看。
beurteilt|beurteilen|V|现在时 er 形式|判断；评定|
beurteilung|die Beurteilung|N|名词 · 阴性 · 单数|评判|zur Beurteilung vorlegen：交付评判。
bewegung|die Bewegung|N|名词 · 阴性 · 单数|运动；活动|
beweisgründe|der Beweisgrund|N|名词 · 阳性 · 复数 · 主格|论据|Beweis（证明）+ Grund（理由）。
bewenden|bewenden|I|不定式（只用于固定成语）|就此为止|es bei etw. bewenden lassen：就让它停留在……，不再改变。
bewähret|bewähren|I|过去分词（古旧拼写）|证实|= bewährt。sich bewähren：经受住考验。
bezahlen|bezahlen|I|不定式|付钱|
bezahlt|bezahlen|V|命令式（ihr）|交钱！|对「你们」的命令式就是现在时 ihr 形式去掉 ihr：ihr bezahlt → Bezahlt!
bezweifelnde|bezweifeln|A|zu + 现在分词作定语 · 宾格阴性|（不得）被怀疑的|zu bezweifelnde = die bezweifelt werden kann / soll。「zu + 现在分词」作定语是表示被动可能 / 必要的书面结构。
billigermaßen|billigermaßen|D|副词（古旧）|按理；公道地|billig 古义「公平合理」，-ermaßen 构成副词。
binnen|binnen|P|介词（属格 / 与格）|在……之内|binnen eines Jahres：一年之内。
bis|bis|K|连词 / 介词|直到|bis …, daß …：直到……以至于……
bleiben|bleiben|V|不定式 / 现在时复数|停留；保持|unmündig bleiben：保持不成年。
bloß|bloß|D|副词|仅仅；只|= nur。
brauche|brauchen|V|现在时 ich 形式|需要|nicht brauchen zu + 不定式：不需要做……
breitet|ausbreiten|V|现在时 er 形式（可分动词，前缀在句末）|扩展|breitet sich … aus：扩展开来。
bringen|bringen|I|不定式|带来；使达到|zustande bringen：实现；ins Reine bringen：弄清楚；vor den Thron bringen：呈到王座前。
buch|das Buch|N|名词 · 中性 · 单数 · 宾格|书|
bürgen|der Bürge|N|名词 · 阳性 · 单数 · 与格（弱变化）|担保人；保障|zum Bürgen：作为担保。
bürger|der Bürger|N|名词 · 阳性 · 单数 / 复数|公民|jedem der Bürger：每一个公民（属格复数）。
bürgerlichen|bürgerlich|A|形容词 · 与格 / 宾格|公民的；民事的|bürgerlicher Posten：民政职位。
bürgerlicher|bürgerlich|A|形容词 · 属格阴性（无冠词）|公民的|ein Grad bürgerlicher Freiheit：一定程度的公民自由。无冠词时，属格阴性形容词词尾 -er。
bürgers|der Bürger|N|名词 · 阳性 · 单数 · 属格|公民的|
büschingschen|büschingsch|A|形容词（由人名构成）· 与格复数|比辛（主编）的|人名 Büsching + -sch：属于比辛的。
caesar|Caesar|X|拉丁语|恺撒；皇帝|德语 Kaiser（皇帝）就来自 Caesar。
classis|Classis|X|拉丁语|（荷兰）教区会议|
d|d. i.|M|缩写|即|d. i. = das ist：即、也就是。
da|da|D|副词 / 连词|那里；那时；因为|da werden sich … finden：那时就会有……；selbst da, wo …：即使在……的地方。
dadurch|dadurch|D|副词|由此；因此|da- + durch：通过这件事。
dafür|dafür|D|副词|为此|da- + für：回指前面的 Daß-从句。dafür sorgen, daß …：确保……
dagegen|dagegen|D|副词|相反|
daher|daher|D|副词|因此|
dahin|dahin|D|副词|往那里；朝那个方向|
dankbaren|dankbar|A|形容词 · 与格阴性|感恩的|von der dankbaren Welt：被心怀感激的世界。
daran|daran|D|副词|在这上面|da- + an：daran fehlt noch sehr viel：在这方面还差得很远。
darauf|darauf|D|副词|对此；在于此|da(r)- + auf：预指或回指。beruht darauf, daß …：基于……
darf|dürfen|V|情态动词 · 现在时 er / ich 形式|可以；被允许|nicht dürfen = 不得、不可以（不是「不必」！）。
darin|darin|D|副词|在其中|da(r)- + in。也作关系副词 = in dem / in welchem。
darlegen|darlegen|I|不定式|陈述；提交|der Welt zur Prüfung darlegen：交给世界检验。
darum|darum|D|副词|因此|ohne doch darum …：却并不因此……
darunter|darunter|D|副词|在其中；在其下|darunter das ganze schöne Geschlecht：其中包括全体女性；darunter zu bleiben：留在（轭）下面。
das|das|T|定冠词 · 中性|这；那（定冠词）|中性单数的主格 / 宾格。德语名词有三个性：der（阳）、die（阴）、das（中）。
das#rel|das|R|关系代词 · 中性|（……的）那个|关系代词形式和定冠词几乎一样。性数跟先行词（前面的名词），格看它在从句中的作用；从句动词放末尾。
das#dem|das|R|指示代词 · 中性|这；那|指代前面整件事。das ist ganz unmöglich：这是完全不可能的。
dastehen|dastehen|I|不定式|立在那里；存在|zum Versuche dastehen：作为一次试验摆在那里。
davon|davon|D|副词|关于此；由此|da- + von。davon haben wir Anzeigen：对此我们有迹象。
dazu|dazu|D|副词|为此；对此|da- + zu。预指后面的 zu-不定式：den Beruf dazu, … mitzuteilen。
daß|dass|K|连词|（引导从句）……这件事|旧拼写，现代写 dass。引导的从句动词在末尾。Daß-从句常放句首当主语。
deines|dein|T|物主代词 · 属格阳性|你的|deines eigenen Verstandes：你自己的知性的。
dem|der / das|T|定冠词 · 与格单数|这（定冠词）|阳性和中性的与格。
dem#rel|der / das|R|关系代词 · 与格单数|（被……的）那个|ein Offizier, dem … etwas anbefohlen wird：一个被命令做某事的军官。
demjenigen|derjenige|R|指示代词 · 与格阳性|那个（人）|demjenigen, welchen wir verehren：我们所敬仰的那一位。
demohngeachtet|demohngeachtet|D|副词（古旧）|尽管如此|= dessen ungeachtet = trotzdem。
den|der / die|T|定冠词 · 阳性宾格 / 复数与格|这（定冠词）|两种可能：阳性单数宾格（den Schritt），或复数与格（den Holländern，复数与格名词通常加 -n）。
den#rel|der|R|关系代词 · 阳性宾格|（……的）那个|der Gebrauch, den jemand macht：某人所作的那种运用。
denen|der / die / das|R|关系 / 指示代词 · 复数与格|那些（人）|denen es gelungen ist：（那些）成功了的人。
denjenigen|derjenige|R|指示代词 · 宾格阳性|那个|derjenige, der …：「……的那个」。
denken|denken|I|不定式|思考|selbst denken：自己思考。das freie Denken：自由思想。
denkungsart|die Denkungsart|N|名词 · 阴性 · 单数|思维方式|康德用语，今天说 Denkweise。
denn|denn|K|连词 / 语气词|因为；那么|denn（因为）是并列连词，后接正常语序；wenn denn nun：那么，如果……
dennoch|dennoch|D|副词|仍然；尽管如此|
der|der / die|T|定冠词|这（定冠词）|der 是德语最「多面」的词：阳性主格 / 阴性属格与格 / 复数属格。点开句中每个 der 看它的具体身份。
der#rel|der / die|R|关系代词|（……的）那个|关系代词 der：形式同冠词，但后面是从句（动词在末尾）。
der#dem|der|R|指示代词 · 阳性主格|这个；它|der allein kann …：只有它能……；der also selbst …：这样的君主于是……
deren|der / die|R|关系 / 指示代词 · 属格（阴性单数或复数）|其；他们的|deren = 「她的 / 他们的」，用于关系从句或指代前文。zu deren Vormündern：做他们的监护人；deren sie sich bedient：它所运用的那些（论据，sich bedienen 要属格）。
dergleichen|dergleichen|R|指示代词（不变格）|这一类的|zu dergleichen freier Bewegung：对这类自由的活动。
derjenige|derjenige|R|指示代词 · 主格阳性|那个（人）|derjenige, der …：那个……的人。
dermaligen|dermalig|A|形容词（古旧）· 属格阴性|当时的；现行的|
derselben|derselbe|R|指示代词 · 属格阴性|它的；同一个|书面语中用来指代前面的名词，避免重复：die Ursache derselben = 它（不成年状态）的原因。
des|der / das|T|定冠词 · 属格|这（……的）|阳性和中性的属格；名词通常加 -s / -es。
despotism|der Despotism|N|名词 · 阳性 · 单数（古旧形式）|专制|现代 Despotismus。
desselben|derselbe|R|指示代词 · 属格中性 / 阳性|它的|指前面提到的名词（Seelenheil）。
dessen|der / das|R|关系 / 指示代词 · 属格单数（阳 / 中）|其；它的|vermittelst dessen：借助于它；in Ansehung dessen：就此而言；alles dessen, was …：一切……之物的。
deutliche|deutlich|A|形容词 · 宾格复数|清楚的；明显的|deutsch 与 deutlich 同源：「让大家都懂」。
dich|dich|R|反身代词 · 宾格（du）|你自己|dich … zu bedienen：对「你」说话时，sich 变成 dich。
dich#refl2|dich|R|反身代词 · 宾格（du）|你自己|sich bedienen 的主语是 du 时，反身代词变成 dich：Habe Mut, dich … zu bedienen!
die|die|T|定冠词 · 阴性 / 复数|这（定冠词）|阴性单数的主格 / 宾格，或复数的主格 / 宾格。
die#rel|die|R|关系代词 · 阴性 / 复数|（……的）那个 / 那些|形式同冠词，但引导从句，从句动词在末尾。
diejenigen|derjenige|R|指示代词 · 宾格复数|那些|diejenigen, die …：那些……的人。
dienen|dienen|I|不定式|服务；用作|zu etw. dienen：充当……；jm dienen：为某人服务。
dienste|der Dienst|N|名词 · 阳性 · 单数 · 与格（旧词尾 -e）|服役；执勤|im Dienste：执勤中。
dient|dienen|V|现在时 er 形式（从句末）|服务|der er dient：他所服务的（教会，与格）。
dies|dieser|R|指示代词 · 中性（短形式）|这|dies = dieses；这里指 das Volk。
diese|dieser|T|指示代词 · 阴性 / 复数|这个；这些|dieser / diese / dieses 变格同定冠词 der / die / das。
diesem|dieser|T|指示代词 · 与格阳性 / 中性|这个|
dieser|dieser|T|指示代词 · 阳性主格 / 阴性属格与格 / 复数属格|这个|和 der 一样多义：看后面的名词判断。
dieses|dieser|T|指示代词 · 中性 / 属格|这个|dieses oder jenes：这个或那个。
dinge|das Ding|N|名词 · 中性 · 复数 · 属格|事物|menschlicher Dinge：人类事务的。
dingen|das Ding|N|名词 · 中性 · 复数 · 与格|事物|in geistlichen Dingen：在精神事务上。
diät|die Diät|N|名词 · 阴性 · 单数|饮食起居；养生|18世纪指整个生活方式；今义「节食」。
doch|doch|D|副词 / 语气词|毕竟；却；然而|德语最难的语气词之一。本文常见义：「毕竟、终究」（macht doch schüchtern）和「却」（ohne doch …）。
drohet|drohen|V|现在时 er 形式（古旧拼写）|威胁|= droht。jm drohen：威胁某人。
dumm|dumm|A|形容词|愚蠢的|dumm machen：弄笨。
durch|durch|P|介词（支配宾格）|通过|durch Schriften：通过著作；durch eine Revolution：通过革命。被动句中引出手段。
durften|dürfen|V|情态动词 · 过去式复数|被允许；敢|wagen durften：被允许去冒险。
dürfen|dürfen|V|情态动词 · 现在时复数|可以；被允许|
