eben|eben|D|副词|恰恰；正好|eben darauf：恰恰在于此；eben so groß nicht：并没有那么大。
ebenderselbe|ebenderselbe|R|指示代词 · 主格阳性|正是同一个人|eben + derselbe，强调「就是他本人」。
ebenderselben|ebenderselbe|R|指示代词 · 属格阴性|同一个的|ebenderselben Frage：同一个问题的。
ebendess|ebendesselben|M|缩写|同（月）的|ebendess. = ebendesselben (Monats)。
ebenso|ebenso|D|副词|同样地|
ebensowohl|ebensowohl|D|副词|同样|ebensowohl als：和……一样。
eher|eher|D|副词（bald 的比较级）|更可能；宁可|eher möglich：更有可能。
ehrwürdige|ehrwürdig|A|形容词 · 主格阴性|可敬的|Ehre（荣誉）+ würdig（配得上的）。
eidlich|eidlich|D|副词|宣誓地|Eid：誓言。
eigene|eigen|A|形容词 · 阴性|自己的|
eigenem|eigen|A|形容词 · 与格中性（无冠词）|自己的|nach eigenem Gutdünken：按自己的意思。
eigenen|eigen|A|形容词 · 各种斜格|自己的|sich seines eigenen Verstandes bedienen：运用自己的知性。
eigener|eigen|A|形容词 · 与格阴性（无冠词）|自己的|aus eigener Einsicht。
eigentlichen|eigentlich|A|形容词 · 与格 / 宾格|真正的；本来的|im eigentlichen Verstande：在本来的意义上。日常 eigentlich 常作副词「其实」。
ein|ein|T|不定冠词|一个|不定冠词：阳性 / 中性主格是 ein，中性宾格也是 ein。ein 本身也是数词「一」。
ein#sep|einsehen|Z|可分动词前缀（被拆到句末）|（认识）到|属于 sieht … ein = einsehen（认识到、明白）。
eine|ein|T|不定冠词 · 阴性|一个|阴性主格 / 宾格。
einem|ein|T|不定冠词 · 与格阳性 / 中性|一个|
einen|ein|T|不定冠词 · 宾格阳性|一个|
einer|ein|T|不定冠词 · 属格 / 与格阴性|一个|
eines|ein|T|不定冠词 · 属格阳性 / 中性|一个的|也可作代词：eines anderen（另一个人的）。
eingeführte|einführen|A|过去分词作定语 · 主格阴性|已引入的|die eingeführte Ordnung：已经引入的秩序。
eingeschränkt|einschränken|I|过去分词|限制|eingeschränkt sein：受到限制。
eingesetzten|einsetzen|A|过去分词作定语 · 与格复数|被指派的|unter den eingesetzten Vormündern：在被指派的监护人中间。
einhelligkeit|die Einhelligkeit|N|名词 · 阴性 · 单数|一致|
einige|einig-|T|不定代词 · 复数|一些|
einigemal|einigemal|D|副词|几次|现代写 einige Male。
einigen|einig-|T|不定代词 · 与格复数|一些|von einigen seiner Vormünder：被他的一些监护人。
einiger|einig-|T|不定代词 · 属格复数|一些的|einiger Tyrannen：一些暴君的。
einigkeit|die Einigkeit|N|名词 · 阴性 · 单数|团结；一致|
einmal|einmal|D|副词|一次；（nicht einmal）连……都不|nicht einmal ein Volk：连一个民族都不。
einrichtung|die Einrichtung|N|名词 · 阴性 · 单数|设置；制度|今天常指「家具陈设」。
einschränkung|die Einschränkung|N|名词 · 阴性 · 单数|限制|
einsicht|die Einsicht|N|名词 · 阴性 · 单数|见识；认识|ein + Sicht（看）：看进去 → 洞察。
einsichten|die Einsicht|N|名词 · 阴性 · 复数|见解|
einsperreten|einsperren|V|过去式复数（古旧拼写）|关起来|= einsperrten。sperren：封锁。
einstimmigkeit|die Einstimmigkeit|N|名词 · 阴性 · 单数|一致|ein + Stimme（声音）：同一个声音 → 意见一致。
einzelnen|einzeln|A|形容词 · 宾格阳性|单个的|jeder einzelne Mensch：每一个个人。
einziger|einzig|A|形容词 · 主格阳性|唯一的|ein einziger Herr：唯一一位君主。
einzuführen|einführen|I|zu-不定式（可分动词）|引入|
endlich|endlich|D|副词|终于|
enge|eng|D|副词（古旧形式）|狭窄地；严格地|= eng。
entehrendste|entehrend|A|形容词最高级 · 主格阴性|最可耻的|ent- + Ehre（荣誉）：剥夺荣誉。
entgegen|entgegen|Z|可分动词前缀|违背；迎着|
entgegen#sep|entgegenhandeln|Z|可分动词前缀（被拆到句末）|违背|属于 handelt … entgegen = entgegenhandeln（违背，支配与格）。
entschließung|die Entschließung|N|名词 · 阴性 · 单数 · 属格|决心|今天多说 Entschluss / Entschlossenheit。
entschlug|entschlagen|V|过去式 er 形式（古旧）|使摆脱|jn einer Sache entschlagen：使某人摆脱某物（属格）。
er|er|R|人称代词 · 主格阳性|他；它|指阳性名词时译作「它」。
erfordert|erfordern|I|过去分词|要求；需要|wird erfordert：被要求 → 需要。
erhalten|erhalten|I|不定式|保持；（今）收到|jn in etw. erhalten：使某人保持在某状态。今天最常用义是「收到」。
erkenntnisse|die Erkenntnis|N|名词 · 阴性 · 复数 · 宾格|知识；认识|康德《纯粹理性批判》的核心词之一。
erlauben|erlauben|I|不定式|允许|jm erlauben, … zu …。
erlaubt|erlauben|I|过去分词|允许的|es ist nicht erlaubt：不允许。
erniedrigt|erniedrigen|V|现在时 er 形式|贬低|nieder（低）→ 使降低。
erstere|erster|R|形容词名词化 · 宾格阴性|前者|der / die / das erstere：前者；der letztere：后者。
erwarteter|erwarten|A|过去分词作定语 · 主格阳性|预料到的|nicht erwarteter：意想不到的。
erwartung|die Erwartung|N|名词 · 阴性 · 单数|期待|
erweitern|erweitern|I|不定式|扩展|weit（宽）→ 使更宽。
es|es|R|人称代词 · 中性|它|指中性名词（das Publikum → es）。
es#expl|es|R|形式代词（占位）|（不译）|es 只是占住主语或宾语的位置，真正的内容在后面（多为 zu-不定式或 daß-从句）。Es ist bequem, unmündig zu sein = 「不成年是舒服的」。翻译时 es 不必译出。
es#it|es|R|人称代词 · 中性|它|指代前面的中性名词或整件事。
est|esse|X|拉丁语|是|non est：不是。
etwa|etwa|D|副词|比如；大约；或许|
etwas|etwas|R|不定代词|某事；某物|etwas anbefehlen：命令某事。
exerziert|exerzieren|V|命令式（ihr）|操练！|来自拉丁语 exercere。
fallen|fallen|N|动词名词化|摔倒|durch einigemal Fallen：通过摔几跤。动词不定式大写就成了名词（das Fallen）。
fast|fast|D|副词|几乎|
faulheit|die Faulheit|N|名词 · 阴性 · 单数|懒惰|faul（懒）+ -heit（名词后缀，构成阴性名词）。
fehler|der Fehler|N|名词 · 阳性 · 复数 · 宾格|错误|
fehlerhafte|fehlerhaft|A|形容词名词化 · 宾格中性|错误之处|das Fehlerhafte：错误的东西。形容词名词化后大写，仍按形容词变格。
fehlt|fehlen|V|现在时 es 形式|缺少|daran fehlt noch sehr viel：在这方面还差得很远。
feierlichsten|feierlich|A|形容词最高级 · 宾格复数|最庄严的|Feier（庆典）。
feigheit|die Feigheit|N|名词 · 阴性 · 单数|怯懦|feig（胆小）+ -heit。
feld|das Feld|N|名词 · 中性 · 单数|田野；领域|das Feld wird geöffnet：天地被打开。
ferneren|fern|A|形容词比较级 · 与格复数|进一步的|von allen ferneren Versuchen：不敢再作任何尝试。
finanzrat|der Finanzrat|N|名词 · 阳性 · 单数 · 主格|财政官员|Finanz + Rat（顾问、委员）。
finden|finden|I|不定式|找到；认为|sich finden：出现。etw. nötig finden：认为必要。
findet|finden|V|现在时 er / sie 形式|认为|es seiner unwürdig finden：认为有失身份；es ihr zuträglich findet：认为对自己有益。
folgende|folgend|R|现在分词名词化 · 宾格中性|下一个（时代）|folgen（跟随）→ folgend：接下来的。
formeln|die Formel|N|名词 · 阴性 · 复数|公式；套话|
fortdauerte|fortdauern|V|过去式 / 第二虚拟式 er 形式（从句末合写）|持续|fort（继续）+ dauern（持续）。
fortgange|der Fortgang|N|名词 · 阳性 · 单数 · 与格（旧词尾 -e）|进程|
fortschreiten|das Fortschreiten|N|动词名词化 · 与格|前进|in diesem Fortschreiten：在这种前进中。
fortschritt|der Fortschritt|N|名词 · 阳性 · 单数 · 宾格|进步|fort（向前）+ Schritt（步）。
frage|die Frage|N|名词 · 阴性 · 单数|问题|
frei|frei|A|形容词 / 副词|自由的；自由地|jm frei lassen, … zu …：任凭某人做……
freie|frei|A|形容词 · 宾格阴性（无冠词）|自由的|freie Gewalt：自由的权力。
freien|frei|A|形容词 · 与格中性|自由的|zum freien Denken：向着自由思想。
freier|frei|A|形容词 · 与格阴性（无冠词）|自由的|zu dergleichen freier Bewegung。
freigesprochen|freisprechen|I|过去分词|宣告免除；宣判无罪|frei + sprechen。省略了助动词 hat。
freiheit|die Freiheit|N|名词 · 阴性 · 单数|自由|frei + -heit。
freilich|freilich|D|副词|当然；诚然|
freimütigen|freimütig|A|形容词 · 与格阴性|坦率的|frei + Mut（勇气）。
freistaat|der Freistaat|N|名词 · 阳性 · 单数|共和国；自由邦|今天巴伐利亚仍自称 Freistaat Bayern。
fremden|fremd|A|形容词 · 宾格阳性|别人的；陌生的|einen fremden Auftrag：别人的委托。
fremder|fremd|A|形容词 · 与格阴性（无冠词）|外来的|von fremder Leitung：从外来的引导。
frevelhafter|frevelhaft|A|形容词 · 属格阴性（无冠词）|亵渎的|unbefugter und frevelhafter Weise：以越权和亵渎的方式。
friedensschlüsse|der Friedensschluss|N|名词 · 阳性 · 复数 · 宾格|和约|Frieden（和平）+ Schluss（订立）。
friederichs|Friedrich|N|专有名词 · 属格|腓特烈的|普鲁士国王腓特烈二世（1712–1786）。旧拼写 Friederich。
fruchtlos|fruchtlos|A|形容词|没有成果的|Frucht（果实）+ -los（没有）。
fußschellen|die Fußschelle|N|名词 · 阴性 · 复数|脚镣|
fähiger|fähig|A|形容词比较级|更有能力的|einer Sache fähig sein（属格）：能够……
fälle|der Fall|N|名词 · 阳性 · 复数 · 宾格|情况|auf alle Fälle：无论如何。
führen|führen|I|不定式|领导；实行|eine Vormundschaft führen：实行监护。
für|für|P|介词（支配宾格）|为了；对于|für mich：替我；für sehr gefährlich halten：认为非常危险。
fürchtet|fürchten|V|现在时 er 形式|害怕|sich vor etw. fürchten：害怕……
fürst|der Fürst|N|名词 · 阳性 · 单数 · 主格|君主；诸侯|英语 first 同源：「第一人」。
füßen|der Fuß|N|名词 · 阳性 · 复数 · 与格|脚|mit Füßen treten：践踏。
gang|der Gang|N|名词 · 阳性 · 单数|步伐；进程|gehen（走）→ Gang。einen sicheren Gang tun：走得稳。
ganz|ganz|D|副词 / 形容词|完全地；整个的|
ganze|ganz|A|形容词 · 主格中性|整个的|das ganze schöne Geschlecht：整个女性。
ganzen|ganz|A|形容词 · 与格 / 属格|整个的|im ganzen genommen：总的来看。
gar|gar|D|副词|甚至；（否定）根本|wohl gar：甚至。
gebracht|bringen|I|过去分词|带到|unter dieses Joch gebracht worden：被套上这副轭。bringen - brachte - gebracht（不规则）。
gebrauch|der Gebrauch|N|名词 · 阳性 · 单数|使用；运用|全文关键词！von etw. Gebrauch machen：使用某物。öffentlicher / privater Gebrauch der Vernunft：理性的公开 / 私下运用。
gebrauche|der Gebrauch|N|名词 · 阳性 · 单数 · 与格（旧词尾 -e）|运用|im öffentlichen Gebrauche。
gebrauchs|der Gebrauch|N|名词 · 阳性 · 单数 · 属格|运用的|
gedanken|der Gedanke|N|名词 · 阳性 · 复数|思想；想法|denken 的名词。
gedankenlosen|gedankenlos|A|形容词 · 属格阳性|不动脑筋的|Gedanke + -los。
geeinigt|einigen|I|过去分词|达成一致|sich zu etw. einigen。geeinigt hätten：第二虚拟式过去完成。
gefahr|die Gefahr|N|名词 · 阴性 · 单数|危险|ohne Gefahr：没有危险。
gefragt|fragen|I|过去分词|问|gefragt wird：有人问（无人称被动）。
gefährlich|gefährlich|A|形容词|危险的|Gefahr + -lich。
gegebenen|geben|A|过去分词名词化 · 属格|已颁布的（法律）|der schon gegebenen：已经颁布的那些。
gegen|gegen|P|介词（支配宾格）|反对；针对|
gegenwärtige|gegenwärtig|A|形容词名词化 · 宾格阴性|本篇；现在这一篇|die gegenwärtige (Beantwortung)：本篇答复。
gehen|gehen|I|不定式|走|allein gehen：独自行走。
gehorchen|gehorchen|I|不定式|服从|与 hören（听）同源：听话 → 服从。
gehorcht|gehorchen|V|命令式（ihr）|服从！|
geht|gehen|V|现在时 es 形式|走；（angehen）涉及|das geht ihn nichts an：这与他无关。
geist|der Geist|N|名词 · 阳性 · 单数|精神|der Geist der Freiheit：自由精神。黑格尔哲学的核心词。英语 ghost 同源。
geistes|der Geist|N|名词 · 阳性 · 单数 · 属格|精神的|
geistliche|geistlich|R|形容词名词化 · 主格阳性|神职人员|der Geistliche：神职人员。
geistlichen|geistlich|A|形容词 · 各种斜格|宗教的；精神的|in geistlichen Dingen：在宗教事务上；den geistlichen Despotism：精神专制。
geistlicher|geistlich|R|形容词名词化 · 主格阳性（不定冠词后）|神职人员|ein Geistlicher：一个神职人员（不定冠词后加 -er）。
gekommen|kommen|I|过去分词|来|so weit gekommen：发展到这种程度；zu Händen gekommen：到手。
gelangen|gelangen|I|不定式|到达|zu etw. gelangen。
gelegt|legen|I|过去分词|放|zur Last gelegt werden：被归咎。
gelehrten|der Gelehrte|N|形容词名词化 · 属格|学者|eines Gelehrten：一个学者的；der Gelehrten：学者们的。
gelehrter|der Gelehrte|N|形容词名词化 · 主格（无冠词）|学者|als Gelehrter：作为学者。名词化的形容词：der Gelehrte / ein Gelehrter。gelehrt = 有学问的。
geleistet|leisten|I|过去分词|缴纳；完成|
gelungen|gelingen|I|过去分词|成功|es ist ihm gelungen：他成功了（与格 + sein 完成时）。
gemacht|machen|I|过去分词|做；使|dumm gemacht haben：弄笨了。
gemeinde|die Gemeinde|N|名词 · 阴性 · 单数|教区会众；社区|今天也指「乡镇」。
gemeinden|die Gemeinde|N|名词 · 阴性 · 复数|教区|
gemeinen|gemein|A|形容词 · 属格中性|共同的|das gemeine Wesen：共同体。注意：今天 gemein 多指「卑鄙」，古义是「共同的」（Gemeinschaft）。
gemeiniglich|gemeiniglich|D|副词（古旧）|通常|= gewöhnlich。
gemäß|gemäß|P|介词（与格，常后置）|按照|seiner Würde gemäß：按照他的尊严。
genießt|genießen|V|现在时 er 形式|享受；享有|古旧用属格宾语：einer Freiheit genießen。
genommen|nehmen|I|过去分词|拿；采取|auf sich genommen：承担；im ganzen genommen：总的来看。
gepriesen|preisen|I|过去分词|称颂|preisen - pries - gepriesen。
geprüften|prüfen|A|过去分词作定语 · 宾格复数|经过检验的|sorgfältig geprüften Gedanken。
gerade|gerade|D|副词|恰恰|
gerichtet|richten|I|过去分词|引向；指向|zu öffentlichen Zwecken gerichtet werden：被引向公共目的。
gerne|gern|D|副词|乐意地|gerne + 动词 =「喜欢做」。
gesamten|gesamt|A|形容词 · 宾格阳性|全体的|
geschlecht|das Geschlecht|N|名词 · 中性 · 单数|性别；种族；世代|das schöne Geschlecht：女性；das menschliche Geschlecht：人类。
geschlossen|schließen|I|过去分词|订立；关闭|einen Kontrakt schließen：订立契约。
geschäft|das Geschäft|N|名词 · 中性 · 单数|事务；差事|今义多为「商店、生意」。
geschäfte|das Geschäft|N|名词 · 中性 · 复数|事务|
geschäften|das Geschäft|N|名词 · 中性 · 复数 · 与格|事务|zu manchen Geschäften。
geschäftträger|der Geschäftsträger|N|名词 · 阳性 · 单数|代理人|Geschäft + Träger（承担者）。
geschöpfe|das Geschöpf|N|名词 · 中性 · 复数|生灵；造物|schöpfen（创造）。
gesellschaft|die Gesellschaft|N|名词 · 阴性 · 单数|团体；社会|
gesetz|das Gesetz|N|名词 · 中性 · 单数|法律|setzen（设立）→ Gesetz：被设立的东西。
gesetzgebendes|gesetzgebend|A|现在分词作定语 · 主格中性|立法的|Gesetz + gebend（给予的）。
gesetzgebung|die Gesetzgebung|N|名词 · 阴性 · 单数|立法|
gesetzt|setzen|I|过去分词|放置；设定|habe … gesetzt：已经放在……；gesetzt werden：被置于。
gewalt|die Gewalt|N|名词 · 阴性 · 单数|权力；暴力|die oberste Gewalt：最高权力。今天常指「暴力」。
gewalttätig|gewalttätig|D|副词|用暴力地|
gewesen|sein|I|过去分词|是|gewesen sind：曾经是。
gewinnsüchtiger|gewinnsüchtig|A|形容词 · 与格阴性（无冠词）|贪利的|Gewinn（利润）+ süchtig（上瘾的）。
gewisse|gewiss|A|形容词 · 宾格阴性|某种；一定的|eine gewisse Ordnung：某种秩序。
gewissen|das Gewissen|N|名词 · 中性 · 单数|良心|für mich Gewissen haben：替我有良心；mit Gewissen：凭良心。
gewisser|gewiss|A|形容词 · 主格阳性|某种|ein gewisser Mechanism。
gewisses|gewiss|A|形容词 · 宾格中性|某种|ein gewisses Symbol。
gewissensangelegenheit|die Gewissensangelegenheit|N|名词 · 阴性 · 单数|良心之事|Gewissen + Angelegenheit（事情）。
gewordenen|werden|A|过去分词作定语 · 与格阴性|已成为……的|zur Natur gewordenen：已成为天性的。
gewöhnt|gewöhnen|A|过去分词 / 形容词|习惯的|an / zu etw. gewöhnt sein。
geöffnet|öffnen|I|过去分词|打开|wird geöffnet：被打开。
gibt|geben|V|现在时 es 形式|（es gibt）有|es gibt + 宾格：有……（存在句，最常用句型之一）。
glaubt|glauben|V|命令式（ihr）|信仰！|
glaubte|glauben|V|第二虚拟式 er 形式|（如果）认为|glaubte er … = wenn er glaubte …（动词前置的条件句）。
gleichsam|gleichsam|D|副词|仿佛；好比|
gleichwohl|gleichwohl|D|副词|然而；仍然|
glied|das Glied|N|名词 · 中性 · 单数|成员；肢体|als Glied：作为成员。
glieder|das Glied|N|名词 · 中性 · 复数|成员|
glänzendes|glänzend|A|现在分词作定语 · 宾格中性|光辉的|glänzen（闪耀）。
graben|der Graben|N|名词 · 阳性 · 单数 · 宾格|沟渠|
grad|der Grad|N|名词 · 阳性 · 单数|程度|ein größerer Grad：更大程度。
grammaticos|grammaticus|X|拉丁语 · 宾格复数|语法学家们|supra grammaticos：在语法学家之上。
groß|groß|A|形容词|大的|ß 读作清音 s。
große|groß|A|形容词 · 阴性|大的|
großen|groß|A|形容词 · 各种斜格|大的|des großen Haufens：大众的；im großen：从大处。
großer|groß|A|形容词 · 主格阳性|大的|ein so großer Teil：如此大的一部分。
grundsätze|der Grundsatz|N|名词 · 阳性 · 复数 · 宾格|原则|Grund（基础）+ Satz（句子、命题）。
größerer|groß|A|形容词比较级 · 主格阳性|更大的|
größte|groß|A|形容词最高级 · 主格|最大的|bei weitem größte：绝大的。
gut|gut|D|副词 / 形容词|好地|sicher und gut：可靠且良好地。
gutdünken|das Gutdünken|N|名词 · 中性 · 单数|主意；判断|nach eigenem Gutdünken：按自己的意思。
gängelwagen|der Gängelwagen|N|名词 · 阳性 · 单数 · 与格|学步车|gängeln（牵着走）+ Wagen（车）。康德最形象的比喻之一。
gütigst|gütig|D|形容词最高级作副词|最仁慈地|讽刺用法。
