habe|haben|V|现在时 ich 形式 / 命令式（du）|有；（命令）要有！|Habe Mut!：要有勇气！（du 的命令式）。Habe ich ein Buch …：如果我有一本书（条件句动词前置）。ich habe … gesetzt：完成时助动词。
haben|haben|V|不定式 / 现在时复数|有；（助动词）|haben 是构成完成时的主要助动词。
halte|halten|V|第一虚拟式 er 形式|认为|etw. für … halten：认为某物是……。第一虚拟式表示转述别人的看法。
hand|die Hand|N|名词 · 阴性 · 单数|手|zur Hand haben：手头有。
handeln|handeln|I|不定式|行动|die Freiheit zu handeln：行动的自由。
handelt|handeln|V|现在时 er 形式|行动|handelt … entgegen：违背。
hang|der Hang|N|名词 · 阳性 · 单数 · 宾格|倾向；（今）山坡|der Hang zu etw.：对……的倾向。
harten|hart|A|形容词 · 与格阴性|坚硬的|unter dieser harten Hülle。
hat|haben|V|现在时 er 形式|有；（助动词）|Er hat sie liebgewonnen：完成时。zu ringen hat：不得不搏斗。
haufens|der Haufen|N|名词 · 阳性 · 单数 · 属格|堆；群众|der große Haufen：大众、群氓。
hauptpunkt|der Hauptpunkt|N|名词 · 阳性 · 单数 · 宾格|要点|Haupt（主要）+ Punkt（点）。
hausvieh|das Hausvieh|N|名词 · 中性 · 单数|家畜|Haus（家）+ Vieh（牲口）。
heer|das Heer|N|名词 · 中性 · 单数|军队|
heiligen|heilig|A|形容词 · 宾格复数|神圣的|die heiligen Rechte der Menschheit：人类的神圣权利。
heißen|heißen|I|不定式|叫做；意味着|was nur Freiheit heißen mag：凡可称为自由者。
heißt|heißen|V|现在时 es 形式|意味着；叫做|A heißt B：A 等于 B。Ich heiße …：我叫……
heraus|heraus|Z|副词 / 可分前缀|出来|
heraus#sep|sich herausarbeiten|Z|可分动词前缀（被拆到句末）|（挣脱）出来|属于 arbeiten sich … heraus = sich herausarbeiten（奋力挣脱）。
herauszuarbeiten|sich herausarbeiten|I|zu-不定式（可分动词）|奋力挣脱|heraus-zu-arbeiten。
herauszuwickeln|sich herauswickeln|I|zu-不定式（可分动词）|从缠裹中解脱|
hernach|hernach|D|副词（古旧）|后来|= nachher。
herr|der Herr|N|名词 · 阳性 · 单数 · 主格|主人；先生；君主|ein einziger Herr：一位君主。
herrn|der Herr|N|名词 · 阳性 · 单数 · 属格（弱变化）|先生的|des Herrn Mendelssohn：门德尔松先生的。
herrschsüchtiger|herrschsüchtig|A|形容词 · 与格阴性（无冠词）|贪权的|herrschen（统治）+ süchtig。
heute|heute|D|副词|今天|
hiebei|hierbei|D|副词（古旧拼写）|在这方面|= hierbei。
hier|hier|D|副词|这里|
hierin|hierin|D|副词|在此事上|
hinausläuft|hinauslaufen|V|现在时 es 形式（从句末合写）|结果导致|auf etw. hinauslaufen：以……告终。
hindere|hindern|V|第一虚拟式 er 形式|阻碍|
hinderlich|hinderlich|A|形容词|有妨碍的|jm hinderlich sein。
hindern|hindern|I|不定式|阻碍|jn hindern, etw. zu tun：阻止某人做……
hindernisse|das Hindernis|N|名词 · 中性 · 复数 · 主格|障碍|
hindernissen|das Hindernis|N|名词 · 中性 · 复数 · 与格|障碍|mit äußeren Hindernissen。
hingegen|hingegen|D|副词|相反|
hochmütigen|hochmütig|A|形容词 · 宾格阳性|傲慢的|hoch（高）+ Mut（心态）。
holländern|der Holländer|N|名词 · 阳性 · 复数 · 与格|荷兰人|复数与格加 -n。
händen|die Hand|N|名词 · 阴性 · 复数 · 与格|手|zu Händen kommen：到手。
hätten|haben|V|第二虚拟式 复数|（假如）已……|geeinigt hätten：（假如）已经达成一致。
häusliche|häuslich|A|形容词 · 主格阴性|家庭的；内部的|
höchsten|hoch|A|形容词最高级 · 与格阴性|最高的|aus eigener höchsten Einsicht。
höre|hören|V|现在时 ich 形式|听到|ich höre rufen：我听到有人喊。
hülle|die Hülle|N|名词 · 阴性 · 单数 · 与格|外壳|
i|d. i.|M|缩写的一部分 / 名字缩写|即；（I.）伊曼努尔|d. i. = das ist；I. Kant = Immanuel Kant。
ich|ich|R|人称代词 · 主格|我|
ihm|er / es|R|人称代词 · 与格|（给）他；（给）它|er / es 的与格。
ihn|er|R|人称代词 · 宾格阳性|他；它|
ihnen|sie（复数）|R|人称代词 · 复数与格|（给）他们|zeigen ihnen die Gefahr：给他们看危险。
ihr|ihr|T|物主代词|她的；他们的；它的|ihr 作物主代词时：「她的 / 他们的」。ihr Hausvieh：他们的家畜。
ihr#you|ihr|R|人称代词 · 第二人称复数主格|你们|soviel ihr wollt：你们想要多少。
ihr#dat|sie|R|人称代词 · 与格阴性|（对）它|sie（阴性单数）的与格。这里指阴性名词：ihr beförderlich（对启蒙有促进），ihr … Schranken setzen（给精神自由设限）。
ihre|ihr|T|物主代词 · 复数 / 阴性|她的；他们的|ihre Einsichten：他们的见解。
ihren|ihr|T|物主代词 · 与格复数|他们的|nach ihren Begriffen。
ihrer|ihr|T|物主代词 · 属格 / 与格阴性|她的；他们的|aus ihrer … Unmündigkeit：从他们的不成年中。
ihrer#pgen|sie|R|人称代词 · 属格（复数）|他们（属格）|人称代词的属格非常罕见：sie → ihrer。jedes ihrer Glieder：它们成员中的每一个；vermittelst ihrer：借助于他们。
ihres|ihr|T|物主代词 · 属格阳性 / 中性|他们的|
im|in + dem|P|介词与冠词缩合 · 与格|在……中|im Dienste、im ganzen。
immer|immer|D|副词|总是|noch immer：仍然。
immerwährenden|immerwährend|A|现在分词作定语 · 属格阴性|永久的|immer + währen（持续）。
imstande|imstande|D|副词|能够|imstande sein, … zu …：能够……
in|in|P|介词（与格 / 宾格）|在……里；到……里|与格表位置（in der Welt），宾格表方向（in einen Zustand setzen）。
indem|indem|K|连词|通过……；在……的同时|引导从句，动词在末尾。
indessen|indessen|K|连词 / 副词|与此同时；然而|
innern|inner|A|形容词 · 与格阴性（缩写）|内在的|= inneren。die innere Religion：内在宗教（发自良心的信仰，相对于外在教会仪规）。
ins|in + das|P|介词与冠词缩合 · 宾格|到……里|ins Reine bringen：弄清楚。
interesse|das Interesse|N|名词 · 中性 · 单数|利益；兴趣|
irrtümern|der Irrtum|N|名词 · 阳性 · 复数 · 与格|错误|von Irrtümern reinigen：清除谬误。
ist|sein|V|现在时 er / sie / es 形式|是|sein（是）：ich bin, du bist, er ist, wir sind, ihr seid, sie sind。
ja|ja|Z|语气词 / 副词|是；甚至；当然；千万|除了「是」之外，ja 在句中有多种语气：「当然、可不是」（ich brauche mich ja nicht …）；「甚至」（ja sogar）；在防止 / 禁止中表「千万别」（ja keinen Schritt）。
jahrhundert|das Jahrhundert|N|名词 · 中性 · 单数|世纪|Jahr（年）+ hundert（百）。
jedem|jeder|T|不定代词 · 与格|每个（人）|
jeden|jeder|T|不定代词 · 宾格阳性|每个|für jeden einzelnen Menschen。
jeder|jeder|T|不定代词 · 主格阳性|每个（人）|
jederzeit|jederzeit|D|副词|任何时候|
jedes|jeder|T|不定代词 · 属格 / 中性|每个|jedes Menschen：每个人的；jedes ihrer Glieder：每个成员。
jemand|jemand|R|不定代词|某人|
jene|jener|T|指示代词 · 复数 / 阴性|那些；那个|jene … diese：那个……这个（前者……后者）。
jenem|jener|T|指示代词 · 与格|那个|in jenem Symbol。
jener|jener|R|指示代词 · 与格阴性|前者|von jener：从前者（公民自由）中。
jenes|jener|R|指示代词 · 中性|那个|dieses oder jenes：这个或那个。
jetzt|jetzt|D|副词|现在|
joch|das Joch|N|名词 · 中性 · 单数|轭；枷锁|
kann|können|V|情态动词 · 现在时 er 形式|能；可以|情态动词在第二位，不定式在句末。
kant|Kant|N|专有名词|康德|Immanuel Kant（1724–1804），德国哲学家，一生居于柯尼斯堡。
katechismusschülern|der Katechismusschüler|N|名词 · 阳性 · 复数 · 与格|教理问答学生|Katechismus（教理问答）+ Schüler（学生）。
keim|der Keim|N|名词 · 阳性 · 单数 · 宾格|胚芽；种子|
kein|kein|T|否定冠词 · 阳性主格 / 中性|没有一个|kein = nicht + ein。
keine|kein|T|否定冠词 · 阴性|没有|durch keine Amtspflicht：不受任何职责（限制）。
keinen|kein|T|否定冠词 · 宾格阳性|没有一个|
kirche|die Kirche|N|名词 · 阴性 · 单数|教会；教堂|
kirchenversammlung|die Kirchenversammlung|N|名词 · 阴性 · 单数|宗教会议|
kirchenwesens|das Kirchenwesen|N|名词 · 中性 · 单数 · 属格|教会事务|
kommen|kommen|I|不定式|来|zustande kommen：实现。
kontrakt|der Kontrakt|N|名词 · 阳性 · 单数|契约|今天多用 Vertrag。
kriegesdienste|der Kriegsdienst|N|名词 · 阳性 · 单数 · 与格（古旧）|军务|Krieg（战争）+ Dienst（服务）。
kritik|die Kritik|N|名词 · 阴性 · 单数|批评；批判|康德三大批判：Kritik der reinen Vernunft 等。
kurze|kurz|A|形容词 · 宾格阴性|短的|
königsberg|Königsberg|N|地名|柯尼斯堡|König（国王）+ Berg（山）。
könne|können|V|第一虚拟式 er 形式|能|
können|können|V|情态动词 · 不定式|能|verwalten können：能履行。
könnte|können|V|第二虚拟式 er 形式|可能；能够|表示可能或礼貌：könnte = could。
könnten|können|V|第二虚拟式 复数|能够|
künste|die Kunst|N|名词 · 阴性 · 复数|艺术；技艺|
künstelt|künsteln|V|现在时 man 形式|耍花招；矫揉造作|Kunst → künsteln（贬义）。
künstliche|künstlich|A|形容词 · 宾格阴性|人为的|今天 künstliche Intelligenz = 人工智能。
langsam|langsam|D|副词|慢慢地|
lassen|lassen|I|不定式|让；留|machen lassen：让人做；bewenden lassen：就此为止。
last|die Last|N|名词 · 阴性 · 单数|负担|zur Last legen：归咎。
laufen|laufen|V|现在时 复数|跑；涉及|in das Interesse … laufen：涉及……的利益。
laut|laut|D|副词|大声地|
leben|leben|V|现在时 wir 形式|生活|leben wir …?：我们生活在……吗？
lebensdauer|die Lebensdauer|N|名词 · 阴性 · 单数|一生；寿命|
lehren|lehren|I|不定式|教导|
lehrer|der Lehrer|N|名词 · 阳性 · 单数|教师|这里指牧师（宗教教师）。
lehrt|lehren|V|现在时 er / sie 形式|教导|
leicht|leicht|A|形容词|容易的；轻的|
leiden|leiden|V|现在时 复数（从句末）|受损；受苦|
leisten|leisten|I|不定式|缴纳；做到|Abgaben leisten：缴税。
leitbande|das Leitband|N|名词 · 中性 · 单数 · 与格（古旧 -e）|牵引带|
leitung|die Leitung|N|名词 · 阴性 · 单数|引导；领导|leiten（引导）+ -ung。今天也指「管道、线路」。
lernen|lernen|I|不定式|学|gehen lernen：学走路。
lese|lesen|V|现在时 ich 形式|读|
leserwelt|die Leserwelt|N|名词 · 阴性 · 单数|读者世界|
letztere|letzter|R|形容词名词化 · 宾格中性|后者|
leuchtet|vorleuchten|V|现在时 es 形式（可分动词，前缀在句末）|照亮；做榜样|leuchtet … vor：在……面前闪耀。
liebgewonnen|liebgewinnen|I|过去分词|爱上|lieb（可爱）+ gewinnen（获得）。
liegt|liegen|V|现在时 es 形式|在于；躺|an etw. liegen：原因在于……；in der Frage liegen：在于这个问题。
ließ|lassen|V|过去式 er / man 形式|让|man ließ ihn machen：人们让他做。
ließe|lassen|V|第二虚拟式 er / man 形式|（假如）让|
läge|liegen|V|第二虚拟式 es 形式|（可能）在|
längst|längst|D|副词|早已|
läßt|lassen|V|现在时 er / man 形式|让；留给|= lässt（新拼写）。
machen|machen|I|不定式|做；使|Gebrauch machen：使用；schüchtern machen：使胆怯。
macht|machen|V|现在时 er / es 形式|做；使|
mag|mögen|V|情态动词 · 现在时 er 形式|可能；不妨|was nur Freiheit heißen mag：凡可称为自由者；dastehen mag：不妨摆在那里。
maiorennes|maiorennis|X|拉丁语 · 复数|成年的|naturaliter maiorennes：依自然已成年的人。
majestät|die Majestät|N|名词 · 阴性 · 单数 · 与格|陛下；尊严|
man|man|R|不定代词|人们；有人|泛指主语，动词用第三人称单数。中文常译为无主语句。
manchen|manch-|T|不定代词 · 与格复数|一些；许多|
mangel|der Mangel|N|名词 · 阳性 · 单数 · 与格|缺乏|am Mangel des Verstandes：在于缺乏知性。
maschine|die Maschine|N|名词 · 阴性 · 单数|机器|康德：人不只是国家机器的零件。
mechanischen|mechanisch|A|形容词 · 主格复数|机械的|
mechanism|der Mechanism|N|名词 · 阳性 · 单数（古旧形式）|机制|现代 Mechanismus。
mehr|mehr|D|副词（viel 的比较级）|更多|mehr als Maschine：不仅仅是机器；noch mehr：更甚。
mendelssohn|Mendelssohn|N|专有名词|门德尔松|Moses Mendelssohn（1729–1786），犹太裔启蒙哲学家，作曲家费利克斯·门德尔松的祖父。
mensch|der Mensch|N|名词 · 阳性 · 单数 · 主格|人|弱变化名词：des / dem / den Menschen。
menschen|der Mensch|N|名词 · 阳性 · 单数斜格 / 复数|人；人们|des Menschen（单数属格）；die Menschen（复数）。
menschengeschlechte|das Menschengeschlecht|N|名词 · 中性 · 单数 · 与格（古旧 -e）|人类|
menschheit|die Menschheit|N|名词 · 阴性 · 单数|人类；人性|
menschliche|menschlich|A|形容词 · 宾格|人的；人类的|die menschliche Natur：人性。
menschlicher|menschlich|A|形容词 · 属格复数（无冠词）|人类的|menschlicher Dinge。
mich|ich|R|人称代词 · 宾格|我；我自己|für mich：替我；mich bemühen：我操心（反身）。
mindeste|mindest|A|形容词最高级名词化|最少的|nicht das mindeste：一点也不。
mir|ich|R|人称代词 · 与格|（对）我|Mir ist sie nicht zu Händen gekommen：它还没到我手里。
mischt|mischen|V|现在时 er 形式|混合；插手|sich in etw. mischen：插手。
mit|mit|P|介词（支配与格）|和；用|mit Füßen：用脚；mit Gewissen：凭良心。
mithin|mithin|D|副词（书面）|因此|
mitzuteilen|mitteilen|I|zu-不定式（可分动词）|告知|mit-zu-teilen。jm etw. mitteilen。
mißbrauchs|der Missbrauch|N|名词 · 阳性 · 单数 · 属格|滥用；误用|旧拼写 Mißbrauch。
mißverstehenden|missverstehen|A|现在分词作定语 · 属格阴性|误解的|
monarch|der Monarch|N|名词 · 阳性 · 单数|君主|
monat|der Monat|N|名词 · 阳性 · 单数 · 与格|月|
monatsschrift|die Monatsschrift|N|名词 · 阴性 · 单数|月刊|Monat + Schrift（刊物）。
mut|der Mut|N|名词 · 阳性 · 单数|勇气|Habe Mut!
mutes|der Mut|N|名词 · 阳性 · 单数 · 属格|勇气的|
muß|müssen|V|情态动词 · 现在时 er / man 形式|必须|= muss（新拼写）。注意 nicht müssen = 不必。
möglich|möglich|A|形容词|可能的|
mündigkeit|die Mündigkeit|N|名词 · 阴性 · 单数|成年状态；自主|mündig：法律上成年的、能自己做主的。来自古德语 Munt（监护权），与 Mund（嘴）无关。
müssen|müssen|V|情态动词 · 复数|必须|
müßte|müssen|V|第二虚拟式 er 形式|（就）必须|= müsste。
nach|nach|P|介词（支配与格）|按照；在……之后|nach Vorschrift：按照规定；nach und nach：逐渐。
nachdem|nachdem|K|连词|在……之后|引导时间从句，动词在末尾。
nachher|nachher|D|副词|之后|
nachkommen|der Nachkomme|N|名词 · 阳性 · 复数|后代|nach（之后）+ kommen（来）。
nachkommenschaft|die Nachkommenschaft|N|名词 · 阴性 · 单数|后代（集合）|
nachrichten|die Nachricht|N|名词 · 阴性 · 复数 · 与格|消息；新闻|今天 die Nachrichten = 新闻节目。
nachteilig|nachteilig|A|形容词|有害的|Nachteil（缺点）+ -ig。
nachwelt|die Nachwelt|N|名词 · 阴性 · 单数|后世|
namen|der Name|N|名词 · 阳性 · 单数（宾格 / 与格）|名字；名义|im Namen eines andern：以别人的名义。
natur|die Natur|N|名词 · 阴性 · 单数|自然；天性|
naturaliter|naturaliter|X|拉丁语 · 副词|依自然地|
naturgaben|die Naturgabe|N|名词 · 阴性 · 复数 · 属格|天赋|Natur + Gabe（礼物）。
nehmen|nehmen|I|不定式|拿|in Schutz nehmen：保护。
nein|nein|Z|否定回答|不|
nenne|nennen|V|现在时 ich 形式|称为|
nennt|nennen|V|现在时 sie 形式|称|wie sie sich nennt：如它自称的那样。
neue|neu|A|形容词 · 主格复数（无冠词）|新的|
nicht|nicht|D|否定副词|不|nicht A, sondern B：不是 A 而是 B。
nichtig|nichtig|A|形容词|无效的|null und nichtig。
nichts|nichts|R|不定代词|什么都没有|nichts als：除……外什么都不。
niederlegen|niederlegen|I|不定式|放下；辞去|ein Amt niederlegen：辞职。
niemals|niemals|D|副词|从不|
niemanden|niemand|R|不定代词 · 与格（古旧形式）|没有人|现代与格 niemandem。
noch|noch|D|副词|还；仍；更|noch nicht：还没；noch weniger：更不；noch so groß：无论多大。
non|non|X|拉丁语|不|
notwendig|notwendig|A|形容词|必要的|Not（需要）+ wendig（扭转）：扭转困境所需的。
nun|nun|D|副词|现在；那么|也作承接语气：「然而、那么」。
nur|nur|D|副词|只；仅仅|wenn … nur：只要；auch nur：哪怕只是。
nutzen|der Nutzen|N|名词 · 阳性 · 单数 · 宾格|益处|
nämlich|nämlich|D|副词|即；就是|
nötig|nötig|A|形容词|必要的|nötig haben：需要；nötig finden：认为必要。
nützlichkeit|die Nützlichkeit|N|名词 · 阴性 · 单数|有用性|
ob|ob|K|连词|是否|引导间接疑问句。
oberaufsicht|die Oberaufsicht|N|名词 · 阴性 · 单数|最高监管|
oberen|der Obere|N|形容词名词化 · 与格复数|上级|von seinen Oberen：被他的上级。
oberste|oberst|A|形容词最高级 · 宾格阴性|最高的|die oberste Gewalt：最高权力。
obervormundschaft|die Obervormundschaft|N|名词 · 阴性 · 单数|最高监护权|
obliegt|obliegen|V|现在时 es 形式（从句末）|是……的职责|jm obliegen。
obzwar|obzwar|K|连词（古旧）|虽然|= obwohl。
oder|oder|K|连词|或者|
offizier|der Offizier|N|名词 · 阳性 · 单数|军官|
ohne|ohne|P|介词（支配宾格）/ 连词|没有；而不|ohne Leitung：没有引导；ohne … zu：而不……；ohne daß：而不会……
ordnung|die Ordnung|N|名词 · 阴性 · 单数|秩序|德国人最爱的词之一：Alles in Ordnung?（一切都好吗？）
