paradox|paradox|A|形容词|悖论的；自相矛盾的|
passiv|passiv|D|副词|被动地|
passives|passiv|A|形容词 · 主格中性|被动的|als passives Glied：作为被动成员。
person|die Person|N|名词 · 阴性 · 单数|人；身份|für seine Person：就他个人而言；in seiner eigenen Person：以自己的身份。
persönlichem|persönlich|A|形容词 · 与格阳性（无冠词）|个人的|
pflanzen|pflanzen|I|不定式|种植；播种|Vorurteile pflanzen：播种偏见。
pflicht|die Pflicht|N|名词 · 阴性 · 单数|义务|康德伦理学的核心概念。
posten|der Posten|N|名词 · 阳性 · 单数 · 与格|职位；岗位|
praktischen|praktisch|A|形容词 · 宾格阳性|实际的|
preußen|Preußen|N|地名|普鲁士|
priester|der Priester|N|名词 · 阳性 · 单数|牧师；神父|
privatgebrauch|der Privatgebrauch|N|名词 · 阳性 · 单数|私下运用|康德术语：在受托的职位上对理性的运用（不是「私生活」！）。
probierstein|der Probierstein|N|名词 · 阳性 · 单数|试金石|probieren（试）+ Stein（石头）。
prüfung|die Prüfung|N|名词 · 阴性 · 单数|检验；考试|今天学生最怕的词：Prüfung = 考试。
publikum|das Publikum|N|名词 · 中性 · 单数|公众|来自拉丁语 publicum。康德的关键概念：能阅读、能判断的公共群体。
qualität|die Qualität|N|名词 · 阴性 · 单数|身份；质量|in der Qualität eines Gelehrten：以学者的身份（古义）。今义「质量」。
raum|der Raum|N|名词 · 阳性 · 单数|空间|
rechte|das Recht|N|名词 · 中性 · 复数|权利|
reform|die Reform|N|名词 · 阴性 · 单数|改革|
regierung|die Regierung|N|名词 · 阴性 · 单数|政府|regieren（统治）+ -ung。
regierungsaufsicht|die Regierungsaufsicht|N|名词 · 阴性 · 单数 · 属格|政府监督|
reichstage|der Reichstag|N|名词 · 阳性 · 复数 · 宾格|帝国议会|Reich（帝国）+ Tag（会议日）。
reine|rein|A|形容词名词化|清楚的；纯净的|ins Reine bringen：弄清楚。康德《纯粹理性批判》的「纯粹」就是 rein。
reinigen|reinigen|I|不定式|清洗|von Irrtümern reinigen：清除错误。
religion|die Religion|N|名词 · 阴性 · 单数|宗教|
religions|Religions-|N|复合词前半（连字符省略）|宗教（事务）|Religions- und Kirchenwesens = Religionswesens und Kirchenwesens。
religionsdingen|das Religionsding|N|名词 · 中性 · 复数 · 与格|宗教事务|
religionseinrichtung|die Religionseinrichtung|N|名词 · 阴性 · 单数|宗教制度|
religionssachen|die Religionssache|N|名词 · 阴性 · 复数|宗教事务|
religionsverfassung|die Religionsverfassung|N|名词 · 阴性 · 单数|宗教体制|Verfassung：宪法、体制。
revolution|die Revolution|N|名词 · 阴性 · 单数|革命|写于法国大革命前五年。
ringen|ringen|I|不定式|搏斗|mit etw. ringen。
rohigkeit|die Rohigkeit|N|名词 · 阴性 · 单数|粗野|现代 Rohheit。roh：生的、粗的。
rufen|rufen|I|不定式|喊|
ruhe|die Ruhe|N|名词 · 阴性 · 单数|安宁|Ruhe!：安静！
ruhigen|ruhig|A|形容词 · 主格复数|安静的；温顺的|
rächen|rächen|V|现在时 复数|报复|sich an jm rächen。
räsonnieren|räsonnieren|I|不定式|争辩；议论|来自法语 raisonner。
räsonniert|räsonnieren|V|命令式（ihr）|争辩吧！|Räsonniert nicht!：不许争辩！
sachen|die Sache|N|名词 · 阴性 · 复数|事情|wie die Sachen jetzt stehen：按目前情形。
sage|sagen|V|现在时 ich 形式|说|
sagen|sagen|I|不定式|说|
sagt|sagen|V|现在时 er 形式|说|
sapere|sapere|X|拉丁语 · 不定式|明智；知道|Sapere aude：敢于知道。
satzungen|die Satzung|N|名词 · 阴性 · 复数|规章；教规|setzen → Satzung（被设定的规则）。
schatten|der Schatten|N|名词 · 阳性 · 复数 · 与格|影子；幻影|
scheint|scheinen|V|现在时 er 形式|似乎|
schlechterdings|schlechterdings|D|副词|绝对地|康德常用。不是 schlecht（坏）的意思！
schmalesten|schmal|A|形容词最高级 · 宾格阳性（古旧）|最窄的|现代 schmalsten。
schon|schon|D|副词|已经；自然会|本文多为「自然会、肯定会」。
schranken|die Schranke|N|名词 · 阴性 · 复数|界限；栏杆|
schreckt|abschrecken|V|现在时 es 形式（可分动词，前缀在句末）|吓（退）|schreckt … ab。
schriften|die Schrift|N|名词 · 阴性 · 复数|著作；文字|durch Schriften：通过著作（印刷出版）——康德心中「公开运用理性」的媒介。
schritt|der Schritt|N|名词 · 阳性 · 单数|步|
schutz|der Schutz|N|名词 · 阳性 · 单数|保护|in Schutz nehmen：保护。
schwer|schwer|A|形容词|困难的；重的|
schädlich|schädlich|A|形容词|有害的|Schaden（损害）+ -lich。
schädlichste|schädlich|A|形容词最高级|最有害的|
schätzung|die Schätzung|N|名词 · 阴性 · 单数|评估；看重|schätzen：评价、珍视。
schöne|schön|A|形容词 · 主格中性|美丽的|das schöne Geschlecht：女性。
schüchtern|schüchtern|A|形容词|胆怯的|
seelenheils|das Seelenheil|N|名词 · 中性 · 单数 · 属格|灵魂得救|Seele（灵魂）+ Heil（救赎）。
seelsorger|der Seelsorger|N|名词 · 阳性 · 单数|牧师|Seele（灵魂）+ Sorger（照料者）：照料灵魂的人。
sehr|sehr|D|副词|非常|
sei|sein|V|第一虚拟式 er / es 形式|是|间接引语（ohne Gefahr sei）或让步（es sei für …：无论是为……）。
sein|sein|I|不定式|是|unmündig zu sein：处于不成年。
seine|sein|T|物主代词 · 阴性 / 复数|他的；其|seine Gedanken：他的想法。
seinem|sein|T|物主代词 · 与格|他的|
seinen|sein|T|物主代词 · 宾格阳性 / 与格复数|他的|
seiner|sein|T|物主代词 · 属格 / 与格阴性|他的；自己的|seiner Vernunft：他的理性的。sich seiner eigenen Vernunft bedienen。
seiner#gpron|er|R|人称代词 er 的属格|它（属格）；他自己|罕见的人称代词属格。sich seiner bedienen：运用它（属格宾语）；es seiner unwürdig finden：认为有失自己身份（unwürdig + 属格）。
seines|sein|T|物主代词 · 属格阳性 / 中性|他的；自己的|sich seines Verstandes bedienen。
seinigen|der seinige|R|物主代词名词化 · 与格|他的那个|in dem seinigen（Willen）：在他自己的（意志）中。
seiten|die Seite|N|名词 · 阴性 · 复数|方面；边|von allen Seiten：从四面八方；von seiten：从……方面。
selbst|selbst|D|副词 / 代词|自己；甚至|两种意思：放在名词或代词后 =「自己」（sich selbst aufklären）；放在前面 =「甚至、即使」（selbst da, wo …）。
selbstdenkende|selbstdenkend|N|现在分词名词化 · 复数|独立思考者|selbst + denkend。
selbstverschuldet|selbstverschuldet|A|形容词（表语）|自己招致的|
selbstverschuldeten|selbstverschuldet|A|形容词 · 与格阴性|自己招致的|aus seiner selbstverschuldeten Unmündigkeit。
sept|September|M|缩写|九月|Sept. = September。
septemb|September|M|缩写|九月|
setzen|setzen|I|不定式|放；置于|in einen Zustand setzen。
setzt|setzen|V|现在时 er 形式|设置|jm Schranken setzen：给……设限。
sich|sich|R|反身代词|自己|主语是 er / sie / es / 复数 sie 时的反身代词。很多德语动词必须带 sich（sich bedienen、sich weigern）。
sich#refl|sich|R|反身代词 · 宾格|自己|反身动词的一部分，常常不必译出。如 sich bedienen（使用）、sich bemühen（费心）、sich verhalten（表现）。
sich#dat|sich|R|反身代词 · 与格|（给）自己|sich etw. auferlegen：给自己加上某物（sich 是与格，etw. 是宾格）。
sicher|sicher|D|副词|可靠地；安全地|
sicheren|sicher|A|形容词 · 宾格阳性|稳当的|
sie|sie|R|人称代词|她；他们；它|sie 可指阴性单数（她 / 它）或复数（他们）。大写 Sie 是「您」。点开句中的 sie 查看具体所指。
sie#she|sie|R|人称代词 · 阴性单数主格|她；它|这里指一个阴性名词（如 die Kirche、die Natur、die Einsicht）。
sie#her|sie|R|人称代词 · 阴性单数宾格|它；她|宾格。指前面的阴性名词（die Unmündigkeit / die Aufklärung）。
sie#they|sie|R|人称代词 · 复数主格|他们；它们|复数主格。注意动词用复数形式。
sie#them|sie|R|人称代词 · 复数宾格|他们；它们|复数宾格。常排在主语名词之前（代词优先）。
sieht|sehen|V|现在时 er 形式|看|auf etw. sehen：注意；sieht … ein：认识到（einsehen）。
sind|sein|V|现在时 复数|是|
sinnesart|die Sinnesart|N|名词 · 阴性 · 单数|心态；性情|Sinn（心意）+ Art（方式）。
skandal|der / das Skandal|N|名词 · 单数|丑闻|
so|so|D|副词 / 连词|如此；那么|① 如此（so bequem）；② 句首引出主句：Habe ich …, so brauche ich …（那么）；③ so … als / so wie。
sofern|sofern|K|连词|只要；就……而言|
sogar|sogar|D|副词|甚至|
solcher|solch|T|指示代词 · 主格阳性 / 属格复数|这样的|ein solcher Kontrakt；solcher Auflagen（属格复数）。
solches|solch|T|指示代词 · 宾格中性|这样的|
sollen|sollen|V|情态动词 · 复数|应当|
sollte|sollen|V|第二虚拟式 / 过去式|应该；（首位）即使 / 难道|sollte nicht …?：难道不应该……？；sollte er auch …：即使它……
sonderlich|sonderlich|D|副词（古旧）|特别地|
sondern|sondern|K|连词|而是|只用在否定之后：nicht A, sondern B。
sonst|sonst|D|副词|否则；平常|
sorgen|sorgen|V|现在时 复数 / 不定式|照料；确保|für etw. sorgen：照料……；dafür sorgen, daß …：确保……
sorgfältig|sorgfältig|D|副词 / 形容词|仔细地|Sorgfalt（细心）。
sorgt|sorgen|V|现在时 sie 形式|照料|
soviel|soviel|K|连词|尽……之多|soviel ihr wollt：你们想要多少就多少。
soweit|soweit|D|副词|到……程度|
sowie|sowie|K|连词|正如；以及|
sowohl|sowohl|K|连词|既……|sowohl … als auch …：既……又……
spielen|spielen|I|不定式|扮演；玩|den Vormund spielen。
sprechen|sprechen|I|不定式|说话|
spricht|sprechen|V|现在时 er 形式|说话|sprechen → spricht（e→i 变音）。
sprung|der Sprung|N|名词 · 阳性 · 单数|跳跃|
staate|der Staat|N|名词 · 阳性 · 单数 · 与格（古旧 -e）|国家|
staatsoberhaupts|das Staatsoberhaupt|N|名词 · 中性 · 单数 · 属格|国家元首|Staat + Oberhaupt（首脑）。
stehen|stehen|V|现在时 复数|站；处于|wie die Sachen stehen：按目前情形。
stellt|vorstellen|V|现在时 er 形式（可分动词，前缀在句末）|陈述|stellt … vor：把……陈述为。
stimmen|die Stimme|N|名词 · 阴性 · 复数|声音；选票|
stücken|das Stück|N|名词 · 中性 · 复数 · 与格|方面；块|in allen Stücken：在所有方面。
suchen|suchen|V|现在时 复数|寻找；设法|zu … suchen：设法……
supra|supra|X|拉丁语 · 介词|在……之上|
symbol|das Symbol|N|名词 · 中性 · 单数|信经；信条|神学术语：教会正式的信仰声明。今义「符号」。
tadel|der Tadel|N|名词 · 阳性 · 单数|指责|
teil|der Teil|N|名词 · 阳性 · 单数|部分|ein großer Teil：一大部分。
teile|der Teil|N|名词 · 阳性 · 单数 · 与格（古旧 -e）|部分|zum Teile：部分地。
thron|der Thron|N|名词 · 阳性 · 单数|王座|
toleranz|die Toleranz|N|名词 · 阴性 · 单数|宽容|康德：真正的启蒙君主连「宽容」这个高高在上的名称都拒绝。
treten|treten|I|不定式|踩；踏|mit Füßen treten：践踏。
tun|tun|I|不定式|做|einen Sprung tun：跳一下；Verzicht tun：放弃。
tut|tun|V|现在时 es / er 形式|做|Abbruch tun：损害。
tyrannen|der Tyrann|N|名词 · 阳性 · 复数|暴君|
um|um|P|介词 / 连词|为了；围绕|um … zu：为了……；um sich：在周围；um … willen：为了……之故。
unaufhörliche|unaufhörlich|A|形容词 · 宾格阴性|不停的|un- + auf-hören（停止）+ -lich。
unausbleiblich|unausbleiblich|A|形容词|不可避免的|
unbefugter|unbefugt|A|形容词 · 属格阴性（无冠词）|越权的|
unbeschadet|unbeschadet|P|介词（属格）|不损害……|
und|und|K|连词|和|
uneingeschränkten|uneingeschränkt|A|形容词 · 属格阴性|不受限制的|
unerlaubt|unerlaubt|A|形容词|不允许的|
unfähig|unfähig|A|形容词|没有能力的|unfähig, … zu …；einer Sache unfähig（属格）。
ungerechtigkeit|die Ungerechtigkeit|N|名词 · 阴性 · 单数|不公正|
ungereimtheit|die Ungereimtheit|N|名词 · 阴性 · 单数|荒谬|un- + gereimt（押韵的）。
ungereimtheiten|die Ungereimtheit|N|名词 · 阴性 · 复数|荒谬之事|
unmöglich|unmöglich|A|形容词|不可能的|
unmündig|unmündig|A|形容词|未成年的；不能自主的|un- + mündig。
unmündigkeit|die Unmündigkeit|N|名词 · 阴性 · 单数|不成年状态|全文关键词。法律上指未成年、需要监护人代理的状态。康德借用为：不能独立使用自己的知性。un-（否定）+ mündig（成年的）+ -keit（名词后缀）。
unschicklichkeit|die Unschicklichkeit|N|名词 · 阴性 · 单数|不当|schicklich：得体的。
unschädlichste|unschädlich|A|形容词最高级|最无害的|
unsere|unser|T|物主代词 · 主格阴性 / 复数|我们的|
unsicheren|unsicher|A|形容词 · 宾格阳性|不稳的|
unter|unter|P|介词（与格 / 宾格）|在……之下；在……之中|unter Menschen：在人们中间；unter ihm：在他治下；unter etw. verstehen：把……理解为。
unterschreiben|unterschreiben|I|不定式|签名|
unterstützen|unterstützen|I|不定式|支持|
untertanen|der Untertan|N|名词 · 阳性 · 复数|臣民|unter（下）+ tan（古：tun）。
unvermögen|das Unvermögen|N|名词 · 中性 · 单数|无能力|un- + Vermögen（能力）。
unveränderliches|unveränderlich|A|形容词 · 宾格中性|不变的|
unwürdig|unwürdig|A|形容词|不配的；有失身份的|
unübersteigliche|unübersteiglich|A|形容词 · 宾格复数|不可逾越的|un- + über-steigen（翻越）+ -lich。
urheber|der Urheber|N|名词 · 阳性 · 复数|始作俑者|今天 Urheberrecht = 著作权。
ursache|die Ursache|N|名词 · 阴性 · 单数|原因|
ursachen|die Ursache|N|名词 · 阴性 · 复数|原因|
ursprüngliche|ursprünglich|A|形容词 · 主格阴性|原初的|Ursprung（起源）。
urteile|das Urteil|N|名词 · 中性 · 复数|判断|康德术语：判断。法律上是「判决」。
usw|usw.|M|缩写|等等|und so weiter。
veranlassen|veranlassen|I|不定式|引起|
verbesserung|die Verbesserung|N|名词 · 阴性 · 单数|改善|
verborgen|verbergen|A|过去分词|隐藏的|
verbrechen|das Verbrechen|N|名词 · 中性 · 单数|罪行|
verbreiten|verbreiten|I|不定式|传播|
verbunden|verbinden|A|过去分词|有义务的；相连的|verbunden sein, … zu …（古）：有义务做……
verbünden|verbünden|I|不定式|结盟|
verderblich|verderblich|A|形容词|有害的；易腐的|
verdient|verdienen|V|现在时 er 形式|值得；挣得|
verdrießliche|verdrießlich|A|形容词 · 宾格中性|令人厌烦的|
verehren|verehren|V|现在时 wir 形式|敬仰|
verehrungswürdige|verehrungswürdig|A|形容词 · 主格复数|可敬的|
vereinigt|vereinigen|V|现在时 er 形式|统一|
vereinigung|die Vereinigung|N|名词 · 阴性 · 单数|联合|
verewigen|verewigen|I|不定式|使永久化|
verewigung|die Verewigung|N|名词 · 阴性 · 单数|永久化|
verhalten|verhalten|I|不定式|（sich）表现|
verhüten|verhüten|I|不定式|防止|
verhüteten|verhüten|V|过去式 复数|防止|
verletzen|verletzen|I|不定式|侵犯；伤害|
vermeinte|vermeint|A|形容词 · 主格阴性|自以为的|
vermittelst|vermittelst|P|介词（属格，古旧）|借助于|= mittels。
vermögen|das Vermögen|N|名词 · 中性 · 单数|能力；（今）财产|nach allem seinen Vermögen：竭尽全力。
vernichten|vernichten|I|不定式|毁灭；抹去|nichts（无）→ 使归于无。
vernunft|die Vernunft|N|名词 · 阴性 · 单数|理性|康德哲学的核心概念。与 Verstand（知性）区分：Verstand 是形成概念、判断的能力；Vernunft 是更高层的推理与原则能力。
vernünfteln|vernünfteln|I|不定式|卖弄推理；说三道四|贬义。
vernünftigen|vernünftig|A|形容词 · 属格|理性的；合理的|
verpflichten|verpflichten|I|不定式|使负义务|sich auf etw. verpflichten。
versammlung|die Versammlung|N|名词 · 阴性 · 单数|集会|
verschafft|verschaffen|V|现在时 es 形式|提供|jm Raum verschaffen。
verschwören|verschwören|I|不定式|（sich）密谋|
verstand|der Verstand|N|名词 · 阳性 · 单数|知性；理智|verstehen（理解）的名词。für mich Verstand haben：替我有头脑。
verstande|der Verstand|N|名词 · 阳性 · 单数 · 与格（古旧 -e）|意义|im eigentlichen Verstande：在本来的意义上。
verstandes|der Verstand|N|名词 · 阳性 · 单数 · 属格|知性的|sich seines Verstandes bedienen：运用自己的知性。全文出现最多的词组。
verstehe|verstehen|V|现在时 ich 形式|理解|unter X verstehe ich Y：我把 X 理解为 Y。
versuch|der Versuch|N|名词 · 阳性 · 单数|尝试；试验|
versuche|der Versuch|N|名词 · 阳性 · 单数 · 与格（古旧 -e）|试验|zum Versuche：作为试验。
versuchen|versuchen / der Versuch|V|动词 · 复数 / 名词复数与格|尝试|es versuchen：尝试（动词）；von allen ferneren Versuchen：（名词复数与格）。
verwalten|verwalten|I|不定式|管理；履行|
verwehrt|verwehren|I|过去分词|禁止|
verwerfen|verwerfen|I|不定式|拒绝|
verzicht|der Verzicht|N|名词 · 阳性 · 单数|放弃|Verzicht tun：放弃。
veränderten|verändert|A|过去分词作定语 · 与格阴性|改变了的|
viel|viel|D|副词|很多|
vielleicht|vielleicht|D|副词|也许|
vielmehr|vielmehr|D|副词|更确切地说|
volk|das Volk|N|名词 · 中性 · 单数|人民；民族|
volks|das Volk|N|名词 · 中性 · 单数 · 属格|人民的|
volkswillen|der Volkswille|N|名词 · 阳性 · 单数 · 宾格|人民意志|
volle|voll|A|形容词 · 宾格阴性|完全的|volle Freiheit。
voller|voll|A|形容词 · 与格阴性（无冠词）|完全的|mit voller Überzeugung。
vollkommen|vollkommen|D|副词|完全地|
vom|von + dem|P|介词与冠词缩合|从……|
von|von|P|介词（支配与格）|从；被；关于|被动句中引出施动者（von der Regierung gerichtet：被政府引导）；Gebrauch machen von：使用。
vor|vor|P|介词（与格 / 宾格）|在……前面|vor dem ganzen Publikum：在全体公众面前；sich vor etw. fürchten：害怕。
vor#sep|vorstellen / vorleuchten|Z|可分动词前缀（被拆到句末）|（呈）现|与前面的变位动词合为一个词：stellt … vor = vorstellen（陈述）；leuchtet … vor = vorleuchten（做榜样）。
vorderhand|vorderhand|D|副词（古旧）|暂时|
vorging|vorgehen|V|过去式 er 形式（从句末合写）|领先|jm vorgehen：走在某人前面。
vorgänger|der Vorgänger|N|名词 · 阳性 · 复数|前任|
vormund|der Vormund|N|名词 · 阳性 · 单数|监护人|法律上为未成年人做主的人。Vor- + Munt（古：保护）。
vormünder|der Vormund|N|名词 · 阳性 · 复数|监护人们|复数变音：Vormünder。
vormündern|der Vormund|N|名词 · 阳性 · 复数 · 与格|监护人们|复数与格加 -n。
vornehmlich|vornehmlich|D|副词|尤其|
vorschlag|der Vorschlag|N|名词 · 阳性 · 单数|建议|
vorschläge|der Vorschlag|N|名词 · 阳性 · 复数|建议|
vorschrift|die Vorschrift|N|名词 · 阴性 · 单数|规定|
vorteilhaft|vorteilhaft|A|形容词|有利的|
vortrag|der Vortrag|N|名词 · 阳性 · 单数|讲授；报告|今天 Vortrag = 讲座、报告。
vorurteile|das Vorurteil|N|名词 · 中性 · 复数|偏见|vor（预先）+ Urteil（判断）：预先的判断。
vorwitziger|vorwitzig|A|形容词 · 主格阳性|冒失的|
vorwurfe|der Vorwurf|N|名词 · 阳性 · 单数 · 与格（古旧 -e）|指责|
vorzulegen|vorlegen|I|zu-不定式（可分动词）|提交|
vorzuschreiben|vorschreiben|I|zu-不定式（可分动词）|规定|
vorzutragen|vortragen|I|zu-不定式（可分动词）|宣讲|
vorzüglich|vorzüglich|D|副词（古旧）|主要地|今义「出色的」。
wagen|wagen|I|不定式|敢；冒险|
wahlspruch|der Wahlspruch|N|名词 · 阳性 · 单数|格言；座右铭|Wahl（选择）+ Spruch（格言）。
wahre|wahr|A|形容词|真正的|
wahrheit|die Wahrheit|N|名词 · 阴性 · 单数|真理|
warum|warum|K|疑问词 / 关系副词|为什么|
was|was|R|疑问 / 关系代词|什么；（……的）东西|Was ist …?：什么是……？；alles, was …：一切……的东西。
wegen|wegen|P|介词（属格）|因为；关于|
weigern|weigern|I|不定式|（sich）拒绝|
weil|weil|K|连词|因为|从属连词，动词放末尾。
weise|die Weise|N|名词 · 阴性 · 单数|方式|
weit|weit|D|副词|远|noch weit mehr：还远远更甚。
weitem|weit|D|固定词组|远远地|bei weitem：远远地。
weiter|weiter|D|副词|更远；继续|
weitere|weiter|A|形容词 · 宾格阴性|进一步的|
weiterzuschreiten|weiterschreiten|I|zu-不定式（可分动词）|继续前进|
welche|welcher|R|关系 / 疑问代词|哪个；（……的）那些|疑问词：Welche Einschränkung …?（哪种限制？）；关系代词 = die（书面）。
welchen|welcher|R|关系代词 · 宾格阳性|（……的）那个|
welches|welcher|R|关系代词 · 中性|（……的）那个|= das。
welt|die Welt|N|名词 · 阴性 · 单数|世界|
weltbürgergesellschaft|die Weltbürgergesellschaft|N|名词 · 阴性 · 单数|世界公民社会|
wendet|wenden|V|现在时 er 形式|转向|sich an jn wenden。
wenige|wenig|R|不定代词 · 复数|少数人|nur wenige：只有少数人。
weniger|wenig|D|比较级|更少|
wenigstens|wenigstens|D|副词|至少|
wenn|wenn|K|连词|如果；当……时|从属连词，动词放末尾。
wenngleich|wenngleich|K|连词|尽管|
wer|wer|R|疑问 / 关系代词|谁；凡是……的人|
werden|werden|V|助动词 · 复数 / 不定式|将；被；变成|德语 werden 三用：① 将来时助动词；② 被动态助动词；③「变成」。
werkzeuge|das Werkzeug|N|名词 · 中性 · 复数|工具|Werk（工作）+ Zeug（器具）。
werts|der Wert|N|名词 · 阳性 · 单数 · 属格|价值的|
wesens|das Wesen|N|名词 · 中性 · 单数 · 属格|本质；体|das gemeine Wesen：共同体。
wider|wider|P|介词（宾格，书面）|反对|= gegen。wider die menschliche Natur。
widersetzlichkeiten|die Widersetzlichkeit|N|名词 · 阴性 · 复数|反抗|sich widersetzen：反抗。
widersprechendes|widersprechend|N|现在分词名词化 · 中性|矛盾的东西|nichts … Widersprechendes：没有任何相矛盾的东西（nichts 后形容词名词化加 -es）。
wie|wie|K|连词 / 疑问词|如；像；怎样|
wieder|wieder|D|副词|又；再|
wiefern|wiefern|K|连词|在多大程度上|= inwiefern。
willen|um … willen|P|介词（属格，与 um 搭配）|为了……的缘故|um ihres Seelenheils willen。
wir|wir|R|人称代词|我们|
wird|werden|V|现在时 er / es 形式|将；被；变成|
wirklich|wirklich|D|副词|确实|
wirkt|wirken|V|现在时 er 形式|起作用|wirkt … zurück：反作用（zurückwirken）。
wissen|wissen|I|不定式|知道|
wissenschaften|die Wissenschaft|N|名词 · 阴性 · 复数|科学；学术|
wo|wo|K|关系副词|在那里|
wodurch|wodurch|K|关系副词|借此；由此|
wohl|wohl|D|副词 / 语气词|大概；确实；好|wohl 在本文常表「或许、大概」（vielleicht wohl）或「倒是、确实」（aber wohl in einem Zeitalter der Aufklärung）。
wohldiszipliniertes|wohldiszipliniert|A|形容词 · 宾格中性|纪律严明的|
wohlmeinenden|wohlmeinend|A|现在分词作定语 · 宾格复数|善意的|
wollt|wollen|V|现在时 ihr 形式|想要|
wollte|wollen|V|第二虚拟式 / 过去式 er 形式|想要|
wollten|wollen|V|过去式 / 第二虚拟式 复数|想要|
worden|werden|I|被动态的过去分词|（已）被|werden 作被动助动词时，过去分词是 worden（不是 geworden）。ist angenommen worden：已被录用。
worin|worin|K|关系副词|其中|
worüber|worüber|K|关系 / 疑问副词|关于什么|
wäre|sein|V|第二虚拟式 es 形式|（将会）是|
wären|sein|V|第二虚拟式 复数|（将会）是|
wöchentlichen|wöchentlich|A|形容词 · 与格复数|每周的|
würde|werden|V|第二虚拟式 er 形式|会；将会|würde + 不定式 = 英语 would。
würden|werden|V|第二虚拟式 复数|会|
würdigt|würdigen|V|现在时 er 形式|认为……配得上|
zahlreiches|zahlreich|A|形容词 · 宾格中性|众多的|Zahl（数）+ reich（丰富）。
zeigen|zeigen|V|现在时 复数|展示|
zeigt|zeigen|V|现在时 es 形式|展示|sich zeigen：显现。
zeit|die Zeit|N|名词 · 阴性 · 单数|时间|
zeitalter|das Zeitalter|N|名词 · 中性 · 单数|时代|Zeit + Alter（年龄、时期）。
zeitlebens|zeitlebens|D|副词|终生|
zeitraum|der Zeitraum|N|名词 · 阳性 · 单数|时段|
zerstörung|die Zerstörung|N|名词 · 阴性 · 单数|破坏|
zieht|ziehen|V|现在时 er 形式|拉；汲取|Nutzen aus etw. ziehen：从……获益。
zu|zu|P|介词（与格）/ 不定式标记|到；为了；（不定式标记）|两种身份：① 介词 + 与格（zu den Vormündern）；② 放在不定式前的小品词（zu sein、zu bedienen）。zu + 形容词 = 太……
zuerst|zuerst|D|副词|首先|
zufall|der Zufall|N|名词 · 阳性 · 单数|偶然|
zufolge|zufolge|P|介词（前置属格 / 后置与格）|根据|
zugleich|zugleich|D|副词|同时|
zuletzt|zuletzt|D|副词|最后|
zum|zu + dem|P|介词与冠词缩合 · 与格|到；作为|zum Leitbande：作为牵引带；zum Teile：部分地。
zur|zu + der|P|介词与冠词缩合 · 与格阴性|到；为了|zur Mündigkeit：向成年；zur Prüfung：为了检验。
zurück|zurück|Z|可分前缀|回；反|
zurück#sep|zurückwirken|Z|可分动词前缀（被拆到句末）|反（作用）|属于 wirkt … zurück = zurückwirken（反作用于）。
zurückgehalten|zurückhalten|I|过去分词|压下；扣住|
zusammenbestehe|zusammenbestehen|V|第一虚拟式 es 形式|共存|
zustand|der Zustand|N|名词 · 阳性 · 单数|状态|
zustande|zustande|D|副词|（kommen / bringen）实现|zustande kommen：形成；zustande bringen：促成。
zuträglich|zuträglich|A|形容词|有益的|
zuvor|zuvor|D|副词|先前|
zuwege|zuwege|D|副词|（bringen）实现|zuwege bringen：带来。
zwar|zwar|D|副词|固然；虽然|zwar …, aber / allein …：虽然……但是。und zwar：而且是。
zwecke|der Zweck|N|名词 · 阳性 · 复数|目的|
zwecken|der Zweck|N|名词 · 阳性 · 复数 · 与格|目的|
zweckmäßigkeit|die Zweckmäßigkeit|N|名词 · 阴性 · 单数|合目的性|康德《判断力批判》核心概念。
zwingt|zwingen|V|现在时 es 形式|强迫|
zärtlichsten|zärtlich|D|副词最高级|最温柔地|am zärtlichsten。
äußeren|äußer|A|形容词 · 与格复数|外在的|
äußert|äußern|V|现在时 er 形式（从句末）|表达|seine Gedanken äußern。
öffentlich|öffentlich|D|副词|公开地|offen（开）→ öffentlich（公开的）。
öffentliche|öffentlich|A|形容词 · 主格 / 宾格|公开的；公共的|der öffentliche Gebrauch：公开运用。
öffentlichen|öffentlich|A|形容词 · 各种斜格|公开的；公共的|öffentlichen Gebrauch machen：公开地运用。
öfters|öfters|D|副词|常常|
über|über|P|介词（与格 / 宾格）|在……上；关于|über etw. sprechen：关于……说；über sie：（监管）他们。
überall|überall|D|副词|到处|
überdem|überdem|D|副词（古旧）|此外|
überhaupt|überhaupt|D|副词|总之；一般地|
übernehmen|übernehmen|I|不定式|接手|
überzeugung|die Überzeugung|N|名词 · 阴性 · 单数|信念|
übrigen|übrig|A|形容词 · 宾格复数|其余的|
übrigens|übrigens|D|副词|此外|
null|null|A|形容词（固定搭配）|无效的；零|null und nichtig：完全无效（法律套语）。null 本义是数字「零」。
