a|a priori|X|拉丁语介词|从|只出现在 a priori（先天）里。
aber|aber|K|连词 / 副词|但是；而|常插在句中：Ein solcher Zweifel aber …（而这样的怀疑……）。
abgetragen|abtragen|I|过去分词|拆除|den Turm aufgeführt, hernach aber wieder abgetragen：把塔建起来又拆掉。
absicht|die Absicht|N|名词 · 阴性 · 单数|意图|Meine Absicht ist, … zu …：我的意图是……。
abzusehen|absehen|I|zu-不定式（可分动词）|预见；看出|es ist nicht abzusehen, wie …：看不出怎么……。sein + zu-不定式 =「能被……」。
alle|all-|T|不定代词 · 复数|所有的|alle diejenigen：所有那些人；alle ihre … Erkenntnisse：它所有的知识。
allein|allein|K|连词（古旧）|然而|句首的 Allein = aber。今天常义是「独自」。nur so allein：只有这样（这里是「仅仅」）。
allen|all-|T|不定代词 · 与格复数|一切的|von allen Seiten：从四面八方；in allen übrigen Dingen：在其他一切事情上；vor allen Dingen：首先。
aller|all-|T|不定代词 · 与格阴性|一切的|von aller Erfahrung unabhängig：不依赖于任何经验。
allererst|allererst|D|副词（古旧）|首先；才|um diese Wissenschaft selbst allererst zu erfinden：要先把这门学问本身发明出来。
alles|all-|R|不定代词 · 中性|一切|alles bisher Geschehene：迄今发生的一切；alles wird so bleiben：一切都会保持原样。
allgemeinen|allgemein|A|形容词|普遍的；一般的|in allgemeinen … Beifall：（赢得）普遍的赞同；im allgemeinen：一般地；der allgemeinen Menschenvernunft：普遍人类理性的。
als|als|K|连词|比；作为；除了；像|① 比较：entscheidender … als …；② 作为：als zugestanden（作为已承认的）、als ein Orakel；③ 除了：nichts anders als；④ als ob：仿佛。
alsdenn|alsdenn|D|副词（古旧）|那时；那样的话|= dann。
also|also|D|副词|因此；所以|不是英语的 also（也）。
alten|alt|A|形容词|古代的；老的|der alten sowohl als neuen：古代的和近代的；ihres alten … Besitzes：他们的老产业；in dem alten Zustande：在老样子里。
altes|alt|N|形容词名词化 · 中性|旧东西|etwas Altes：一点旧东西。etwas 后面的形容词名词化加 -es。
an|an|P|介词（与格 / 宾格）|在；对|an etw. zweifeln：怀疑……；an jm ist die Reihe：轮到某人。
andere|ander-|R|不定代词 · 复数主格|另一些人|Einige …: andere …：有些人……另一些人……。
anderer|ander-|R|不定代词 · 主格阳性|别人|ein anderer：另一个人。
anderes|ander-|R|不定代词 · 中性|别的东西|etwas anderes：另一个东西。
andern|ander-|A|形容词 · 与格复数|其他的|in andern Wissenschaften：在其他科学中（= anderen）。
anders|anders|D|副词|别的|nichts anders als：不过是、无非是（今天写 nichts anderes als）。
andre|ander-|A|形容词|别的；不同的|= andere。wie andre Wissenschaften：像别的科学那样；eine ganz andre Richtung：一个完全不同的方向。
anfängt|anfangen|V|现在时 man 形式（从句末）|开始|von etw. anfangen：从……开始。
angemaßten|angemaßt|A|过去分词作定语 · 属格阴性|僭称的；自封的|dieser angemaßten Wissenschaft：这门自封的科学。sich etw. anmaßen：僭取。
angriff|der Angriff|N|名词 · 阳性 · 单数|攻击|der Angriff, den David Hume auf dieselbe machte：休谟对形而上学的攻击。
anhänger|der Anhänger|N|名词 · 阳性 · 复数|追随者|an + hängen：挂在……上的人。
ankommt|ankommen|V|现在时 es 形式（从句末合写）|（关键）在于|wenn es auf Urteile ankommt：涉及……判断的时候。es kommt auf etw. an：关键在于。
anmaßt|anmaßen|V|现在时 er 形式（从句末）|僭取；自以为有资格|sich (Dat.) ein Urteil anmaßen：自以为有资格下判断。
annahmen|annehmen|V|过去式 复数（从句中）|假定；当作|etw. als zugestanden annehmen：把……当作已承认的。
ansehen|ansehen|I|不定式|看着；看待|man kann es nicht ansehen, ohne …：看着……不能不……。
ansehung|die Ansehung|N|名词（只用于固定词组）|考虑|in Ansehung + 属格：就……而言（古旧，康德常用）。
anspruch|der Anspruch|N|名词 · 阳性 · 单数|要求；权利|auf etw. Anspruch machen：有权要求……。
antiphrasin|per antiphrasin|X|拉丁语（希腊语借词）|以反语|per antiphrasin：用反语的方式，即名不副实。
antwort|die Antwort|N|名词 · 阴性 · 单数|回答|jm Rede und Antwort geben：向某人作出交代。
anwendung|die Anwendung|N|名词 · 阴性 · 单数|应用|Anwendung finden：得到应用。
anzuordnen|anordnen|I|zu-不定式（可分动词）|安排；编排|den Vortrag … anzuordnen：编排讲授。
anzusehen|ansehen|I|zu-不定式（可分动词）|看作|etw. als etw. ansehen：把……看作……。
anzünden|anzünden|I|不定式|点燃|ein Licht anzünden：点起一盏灯。
appellation|die Appellation|N|名词 · 阴性 · 单数|申诉；上诉|法律用语，这里指「诉诸」常识。
arbeit|die Arbeit|N|名词 · 阴性 · 单数|工作|ihre Arbeit … auszusetzen：暂停他们的工作。
art|die Art|N|名词 · 阴性 · 单数|种类；方式|diese Art von Erkenntnis：这类知识；jeder in seiner Art：各有所长。
assoziation|die Assoziation|N|名词 · 阴性 · 单数|联想|das Gesetz der Assoziation：联想律。休谟心理学的核心：经常一起出现的表象会在心中联系起来。
auch|auch|D|副词|也；甚至|auch selbst nur：哪怕只是。
auf|auf|P|介词（与格 / 宾格）|在……上；向；对|auf etw. warten / gefaßt machen / beruhen / Anspruch machen；auf jn herabsehen；auf solche Weise（以这种方式）。
auf#sep|auffordern|Z|可分动词前缀（被拆到句末）|（要）求|属于 forderte … auf = auffordern：要求某人做……。
aufgabe|die Aufgabe|N|名词 · 阴性 · 单数|课题；问题|这里不是「作业」，而是需要解决的问题。
aufgeführt|aufführen|I|过去分词|建起|den Turm aufgeführt：把塔建了起来。今天 aufführen 常指「上演」。
aufnehmen|aufnehmen|I|不定式|（es mit jm）较量|es mit jm aufnehmen：与某人较量。
aufzulösen|auflösen|I|zu-不定式（可分动词）|解决|die Aufgabe auflösen：解决课题。
aufzuwerfen|aufwerfen|I|zu-不定式（可分动词）|提出（问题）|eine Frage aufwerfen：提出一个问题。
aus|aus|P|介词（支配与格）|从……出来；出于|aus den Quellen schöpfen：从源泉汲取；aus Begriffen：从概念出发；aus Einsicht：出于洞见。
aus#sep|ausgehen|Z|可分动词前缀（被拆到句末）|（出）发|属于 ging … aus = von etw. ausgehen：从……出发。
ausgedehnte|ausgedehnt|A|过去分词作定语 · 宾格阴性|扩展的|weiter ausgedehnte Brauchbarkeit：更广泛的可用性。
ausgeführten|ausführen|A|过去分词作定语 · 与格阳性|展开的；完成的|nicht ausgeführten Gedanken：还没有展开的思想。
ausgemacht|ausmachen|I|过去分词|确定；了结|ausgemacht werden：被确定；ihre Sache werden ausgemacht haben：将把事情办完。
ausgemittelt|ausmitteln|I|过去分词|查明（古）|wäre jenes nur ausgemittelt：只要前者被查明了。
aushalten|aushalten|I|不定式|（es mit jm）耗得下去|es mit jm aushalten：和某人耗下去。
auskunft|die Auskunft|N|名词 · 阴性 · 单数 · 宾格|答复；信息|Auskunft geben：给出答复。今天车站的 Auskunft 是「问讯处」。
auszusetzen|aussetzen|I|zu-不定式（可分动词）|暂停|ihre Arbeit … auszusetzen：暂停工作。
b|z. B.|M|缩写的一部分|例如|z. B. = zum Beispiel。
bald|bald|D|副词|很快|
bastard|der Bastard|N|名词 · 阳性 · 单数|私生子|ein Bastard der Einbildungskraft：想象力的私生子。康德转述休谟时用的辛辣比喻。
baulustig|baulustig|A|形容词|爱建造的|bauen（建造）+ Lust（兴致）+ -ig。
beattie|Beattie|N|专有名词|贝蒂|James Beattie（1735–1803），苏格兰诗人、「常识学派」哲学家，著书攻击休谟。
bearbeiten|bearbeiten|I|不定式|加工|ein Stück Zimmerholz bearbeiten：加工一块木料。
bearbeitung|die Bearbeitung|N|名词 · 阴性 · 单数 · 与格|研究；加工|nach langer Bearbeitung einer Wissenschaft：一门科学经过长期研究之后。
bedingungen|die Bedingung|N|名词 · 阴性 · 复数|条件|die Bedingungen seines Gebrauches：它的使用条件。
befrägt|befragen|V|现在时 er 形式（从句末，旧形式）|请教；询问|= befragt。deren Orakel jeder Mensch befrägt：人人都向它求神谕。
begebenheit|die Begebenheit|N|名词 · 阴性 · 单数|事件|sich zutragen：（事件）发生。
begehre|begehren|V|第一虚拟式 er 形式（从句末）|渴望；妄想|nichts zu entscheiden begehre：不要妄想作出裁决。
begriff|der Begriff|N|名词 · 阳性 · 单数|概念|der Begriff der Ursache：原因概念。
begriffe|der Begriff|N|名词 · 阳性 · 单数与格 / 复数|概念|mit diesem Begriffe（单数与格，旧词尾 -e）；ihre Begriffe（复数）。
begriffen|der Begriff|N|名词 · 阳性 · 复数 · 与格|概念|aus Begriffen：从概念出发；aus bloßen Begriffen：仅仅从概念出发。
begriffs|der Begriff|N|名词 · 阳性 · 单数 · 属格|概念的|dieses Begriffs：这个概念的。
bei|bei|P|介词（支配与格）|在……时；借着|bei welchem：借着它（火星）；bei fortgesetztem Nachdenken：在继续思考中。
beide|beide|R|不定代词|两者|beide, aber jeder in seiner Art：两者都……但各有所长。
beifall|der Beifall|N|名词 · 阳性 · 单数 · 宾格|赞同；掌声|sich in Beifall setzen：赢得赞同（旧）。
beim|bei + dem|P|介词与冠词缩合|在……时|beim Lichte besehen：在光下看 → 仔细看来。
beinahe|beinahe|D|副词|几乎|
belachenswert|belachenswert|A|形容词|可笑的|belachen（嘲笑）+ -swert（值得）。
beleidigt|beleidigen|V|现在时 er 形式|冒犯|
bemühet|bemühen|A|过去分词（旧形式）|努力的|bemühet sein = bemüht sein：努力。
benannt|benennen|I|过去分词|命名|wie man es neuerlich benannt hat：如最近人们所称呼的。
bequemeres|bequem|A|形容词比较级 · 宾格中性|更省事的|ein bequemeres Mittel：一个更省事的办法。对照《启蒙》：Es ist so bequem, unmündig zu sein。
berufen|berufen|I|不定式|（sich）援引|sich auf etw. berufen：援引、诉诸。
beruft|berufen|V|现在时 man 形式（从句末）|（sich）援引|man sich auf ihn als ein Orakel beruft：把它当作神谕来搬出来。
berufung|die Berufung|N|名词 · 阴性 · 单数|援引；诉诸|die Berufung auf den gemeinen Menschenverstand：诉诸常识。今天也指「任命」「上诉」。
beruht|beruhen|V|现在时 sie 形式（从句末）|基于|auf etw. beruhen：建立在……之上。
berühmten|berühmt|A|形容词 · 属格阳性|有名的|des berühmten Mannes：这位名人的（指休谟）。
besaß|besitzen|V|过去式 er 形式（从句末）|拥有|was dieser gewiß nicht besaß：后者肯定没有的东西。
beschaffen|beschaffen|A|形容词（只作表语）|具有……性状的|so beschaffen sein, daß …：具有这样的性状：……；wie das Fundament beschaffen sein möchte：地基是怎样的。
beschwängert|beschwängern|I|过去分词|使怀孕|durch Erfahrung beschwängert：被经验弄得怀了孕（比喻）。
beschäftigen|beschäftigen|I|不定式|（sich）从事|sich mit etw. beschäftigen：从事、研究……。
beschäftigt|beschäftigen|A|过去分词|忙于……的|mit etw. beschäftigt sein：从事……。
besehen|besehen|I|过去分词|看|beim Lichte besehen：仔细看来。
besitzen|besitzen|I|不定式|拥有|
besitzes|der Besitz|N|名词 · 阳性 · 单数 · 属格|产业；所有物|ihres alten … Besitzes：他们的老产业。
besorgen|besorgen|I|不定式|担心（古义）|was eine nahe Veränderung besorgen … ließe：让人担心一场即将到来的变化的事。今天常义是「去买、办理」。
bestehen|bestehen|I|不定式|在于|in etw. bestehen：在于……。
bestehende|bestehen|A|现在分词作定语|成立的|a priori bestehende Erkenntnisse：先天成立的知识（今天应写 bestehenden）。
beständig|beständig|D|副词|总是；持续地|
betracht|der Betracht|N|名词 · 阳性 · 单数|考虑|in Betracht ziehen：考虑。
betriege|betrügen|V|第一虚拟式 sie 形式（旧写法）|（sich）自欺|= betrüge。sich mit etw. betrügen：在……上欺骗自己。
bevorstehe|bevorstehen|V|第一虚拟式 es 形式（从句末）|即将到来|bevor（之前）+ stehen：「站在前面」。
beweisen|beweisen|I|不定式|证明|durch Taten beweisen：用行动证明。
bewies|beweisen|V|过去式 er 形式|证明|beweisen - bewies - bewiesen。
bewiesen|beweisen|V|过去式 复数（从句中）|证明|这里是过去式复数 bewiesen（他们证明了），和过去分词同形。
bewußtsein|das Bewusstsein|N|名词 · 中性 · 单数|意识|in stolzem Bewußtsein + 属格：骄傲地意识到……。
bezweifeln|bezweifeln|I|不定式|怀疑|
bezweifelte|bezweifeln|V|过去式 er 形式（从句末）|怀疑|was er eben bezweifelte：他恰恰所怀疑的。
bis|bis|K|连词|直到|
bisher|bisher|D|副词|迄今|alles bisher Geschehene：迄今发生的一切；nach einem bisher ganz unbekannten Plane：按一个迄今完全未知的计划。
bisherigen|bisherig|A|形容词 · 与格阴性|迄今为止的|an seiner bisherigen Wissenschaft：对他迄今的学问。
bleiben|bleiben|I|不定式|保持|so bleiben：保持原样。
blieb|bleiben|V|过去式 es 形式（从句中）|保持|daß alles in dem alten Zustande blieb：一切都停留在老样子。
bloß|bloß|D|副词|仅仅|= nur。
bloße|bloß|A|形容词 · 主格复数（无冠词）|仅仅的；纯粹的|bloße Erdichtungen：仅仅是虚构。
bloßen|bloß|A|形容词 · 与格复数|仅仅的|aus bloßen Begriffen：仅仅从概念出发。
brachte|bringen|V|过去式 er 形式|带来|Er brachte kein Licht in …：他没有给……带来光明。
brauchbar|brauchbar|A|形容词|有用的|brauchen（用）+ -bar。
brauchbarkeit|die Brauchbarkeit|N|名词 · 阴性 · 单数|可用性|
brauchen|brauchen|I|不定式|使用|die Radiernadel brauchen：用刻针。这里 brauchen = gebrauchen（使用），不是「需要」。
bringen|bringen|I|不定式|带到|in Gang bringen：使运转；es weiter bringen：走得更远。
d|d. i.|M|缩写|即|d. i. = das ist：即、也就是。
da|da|K|连词 / 副词|既然；因为；那里|① 连词「既然」：da der menschliche Verstand …, so …；② 关系句中的 da：die da vorgibt（那个声称……的），da 只是加强，不译；③ da sein：在那里、存在。
dabei|dabei|D|副词 / 古旧关系副词|借此|eine von den … Erfindungen, dabei es …：……发明之一，借着它……。
dadurch|dadurch|D|副词|由此；通过这个|wenn es gesetzt ist, dadurch auch etwas anderes …：一旦它被设定，因此另一物也……；nicht aber dadurch, daß …：而不是通过……的方式。
dagegen|dagegen|D|副词|反倒；对此|dagegen aber …：反倒……；sich dagegen sträuben：抵制它。
daher|daher|D|副词|因此；从那里|daher rühren, weil …：来源于……、是因为……。
damit|damit|K|连词 / 副词|以便；与它|① 连词：damit er sich nicht … versteige（以便它不……）；② 副词：was damit einige Ähnlichkeit hätte（和它有些相似的）。
daraus|daraus|D|副词|由此|eine daraus entspringende … Notwendigkeit：由此产生的必然性。
darin|darin|D|副词|在其中|wie weit man schon darin gekommen sei：在其中已经走了多远。
darum|darum|D|副词|因此|darum, weil …：因为……。
das|das|T|定冠词 · 中性|（定冠词，一般不译）|中性单数的主格 / 宾格。
das#dem|das|R|指示代词 · 中性|这；那|denn das sagt der Begriff der Ursache：因为原因概念说的就是这个；das ist eine von …：这是……之一。
das#rel|das|R|关系代词 · 中性|（……的）那个|ein Zuklatschen, über das …：一种……的喝彩。
dasjenige|derjenige|R|指示代词 · 中性|那个（东西）|dasjenige, was …：……的那个东西。war eben dasjenige, was …：正是……的那个东西。
daurenden|dauernd|A|形容词 · 宾格阳性|持久的|= dauernden（旧拼写少一个 e）。
david|David|N|专有名词|大卫|David Hume。
dazu|dazu|D|副词|为此|dazu dienen, … zu …：用来……。
daß|dass|K|连词|……这件事|旧拼写，今天写 dass。从句动词在末尾。
dem|der / das|T|定冠词 · 与格单数|（定冠词，一般不译）|阳性和中性的与格。
dem#dem|der / das|R|指示代词 · 与格|那个|dem der Verknüpfung …：那个关于联结的（概念）；mit dem einerlei, was …：和……的东西相同。
dem#rel|der|R|关系代词 · 阳性与格|（……的）他|der scharfsinnige Mann, dem man … zu verdanken hatte：人们要把……归功于他的那位敏锐的人。
demonstrieren|demonstrieren|I|不定式|证明；论证|来自拉丁语 demonstrare。今天常义是「示威游行」。
demselben|derselbe|T|指示代词 · 与格阳性|同一个|auf demselben Fuße bleiben：维持原样。
den|der / die|T|定冠词 · 阳性宾格 / 复数与格|（定冠词，一般不译）|阳性单数宾格（den Turm）或复数与格（den Quellen）。
den#rel|der|R|关系代词 · 阳性宾格|（……的）那个|der Angriff, den David Hume … machte：休谟所发动的攻击。
denen|der / die|R|关系代词 · 复数与格|（对……来说的）那些人|Gelehrte, denen die Geschichte der Philosophie … ihre Philosophie ist：对他们来说哲学史就是他们的哲学的那些学者。
denken|denken|I|不定式|思考；设想|eine Verbindung denken：思考一种联结。
denkt|denken|V|现在时 sie / man 形式|思考；设想|sich (Dat.) etw. denken：设想；Wunder denken：自以为了不起。
denn|denn|K|连词|因为|并列连词，后面接正常语序。
der|der / die|T|定冠词|（定冠词，一般不译）|阳性主格 / 阴性与格 / 阴性属格 / 复数属格。点开每个 der 看它在此处的身份。
der#dem|der|R|指示代词 · 阳性主格|那个（人）|der, so …：那个……的人（= derjenige, der …）。
der#rel|der / die|R|关系代词|（……的）那个|形式同冠词，但后面是从句（动词在末尾）。
deren|der / die|R|关系代词 · 属格（阴性）|它的|deren Orakel jeder Mensch befrägt：人人都向它求神谕的（学问）。
dergleichen|dergleichen|R|指示代词（不变格）|这样的东西|es könne dergleichen gar nicht geben：根本不可能有这样的东西。
derselben|derselbe|R|指示代词 · 属格阴性|它的|书面语中指代前面的阴性名词：die Geschichte derselben（它的历史）、eine neue Geburt derselben（它的新生）。
des|der / das|T|定冠词 · 属格|（……的）|des David Hume：旧式用法，人名前加冠词。
desselben|derselbe|R|指示代词 · 属格（阳 / 中）|它的|das Fundament desselben：它（塔）的地基；die Unentbehrlichkeit desselben：它（概念）的不可或缺性。
dessen|der / das|R|关系 / 指示代词 · 属格（阳 / 中）|其；它的|dessen Glimmen：它的微火；jedermann, dessen ganze Habseligkeit …：每一个全部家当……的人；dessen Folgebegriffe：它的派生概念。
die|die|T|定冠词 · 阴性 / 复数|（定冠词，一般不译）|阴性单数或复数的主格 / 宾格。
die#rel|die|R|关系代词 · 阴性 / 复数|（……的）那个 / 那些|形式同冠词，但引导从句，从句动词在末尾。
diejenigen|derjenige|R|指示代词 · 复数|那些人|diejenigen, die … / diejenigen, so …：那些……的人。
dienen|dienen|I|不定式|服务；用作|jm dienen：为……服务；dazu dienen, … zu …：用来……。
diese|dieser|T|指示代词 · 阴性 / 复数|这；这些|diese Prolegomena（复数）；diese Wissenschaft、diese Untersuchung（阴性）；vor diese：为这些人。
dieselbe|derselbe|R|指示代词 · 宾格阴性|它（同一个）|der Angriff, den David Hume auf dieselbe machte：休谟对它（形而上学）的攻击。
diesem|dieser|T|指示代词 · 与格阳性 / 中性|这个|mit diesem Begriffe；in diesem Lande。
diesen|dieser|T|指示代词 · 与格复数 / 宾格阳性|这些；这个|sollen auch diesen nicht … dienen：也不是为这些（教师）服务的（与格复数）；sich diesen Zweifel entfallen läßt：说漏了这个怀疑（宾格阳性）；von diesen：关于这些（思辨）。
dieser|dieser|T|指示代词|这个；后者|① 冠词：dieser Wissenschaft（属格阴性）、dieser Prolegomenen（属格复数）；② 代词：in dieser（在这门〔科学〕中）；dieser（后者，指 Beattie / 思辨知性）。
dieses|dieser|R|指示代词 · 中性|这一点；这个|dieses hatte Hume niemals in Zweifel gezogen：这一点休谟从来没怀疑过；dieses Begriffs：这个概念的（属格）。
dingen|das Ding|N|名词 · 中性 · 复数 · 与格|事情|vor allen Dingen：首先、尤其；in allen übrigen Dingen：在其他一切事情上。
doch|doch|D|副词 / 语气词|毕竟；却；倒是|er schlug doch einen Funken：他毕竟打出了火星；die doch die Weisheit selbst sein will：（这门学问）却自命为智慧本身。
dogmatischen|dogmatisch|A|形容词 · 宾格阳性|独断论的|den dogmatischen Schlummer：独断论的迷梦。独断论：不先考察理性能力的界限，就直接对上帝、灵魂、世界下论断（康德之前的莱布尼茨—沃尔夫学派）。
durch|durch|P|介词（支配宾格）|通过；被|durch Taten：通过行动；durch Erfahrung beschwängert：被经验弄得怀孕；durch die Vernunft gedacht：被理性思考。
