eben|eben|D|副词|恰恰；正是|war eben dasjenige, was …：正是……的那个东西；was er eben bezweifelte：他恰恰所怀疑的；eben nicht so was Unerhörtes：并不是什么闻所未闻的事。
ebendaher|ebendaher|D|副词|正因此|ebendaher vor rechtmäßig gehalten：正因此（因为老）被当作合法的。
ebenso|ebenso|D|副词|同样|ebenso wohl … als …：和……一样。
ebensoviel|ebensoviel|D|副词|同样多|welches ebensoviel sagt, als …：这等于说……。
eher|eher|D|副词|更早|alsdenn und nicht eher：那时，而且不早于那时。
eigen|eigen|A|形容词（不变格，旧用法）|自己的|vor ihr eigen Kind halten：当作自己的亲生孩子。今天应写 ihr eigenes Kind。
ein|ein|T|不定冠词|一个|阳性主格、中性主格 / 宾格。
einbildungskraft|die Einbildungskraft|N|名词 · 阴性 · 单数 · 属格|想象力|Einbildung（想象）+ Kraft（力）。在康德的体系里，想象力连接感性和知性。
eine|ein|T|不定冠词 · 阴性|一个|
einem|ein|T|不定冠词 · 与格|一个|von einem einzigen … Begriffe；nach einem … Plane。
einen|ein|T|不定冠词 · 宾格阳性|一个|einen Funken；einen Schritt。
einer|ein|T|不定冠词 · 属格 / 与格阴性|一个（的）|einer Wissenschaft（属格）；von einer solchen Verknüpfung（与格）。
einerlei|einerlei|A|形容词（不变格）|一样的|mit etw. einerlei sein：和……一样。今天口语 Das ist mir einerlei =「我无所谓」。
einfallen|einfallen|I|不定式|想到|sich (Dat.) etw. einfallen lassen：想到、想出。
einführen|einführen|I|不定式|引入|sich einführen lassen：能被引入。
eingeschränkt|einschränken|I|过去分词|限制|auf etw. eingeschränkt sein：局限于……。
einige|einig-|R|不定代词 · 复数|有些人；一些|Einige werden …：有些人会……；einige Ähnlichkeit：一些相似之处；einige Zeit hindurch：一段时间里。
einmal|einmal|D|副词|总得；一次|doch einmal：总得（加强语气）。
einsicht|die Einsicht|N|名词 · 阴性 · 单数|洞见；见识|aus Einsicht：出于洞见；ohne alle Einsicht：毫无见识。
einzigen|einzig|A|形容词 · 与格阳性|唯一的；单一的|von einem einzigen, aber wichtigen Begriffe：从一个单一但重要的概念。
empfinden|empfinden|I|不定式|感到|eine gewisse Pein empfinden：感到某种痛苦。
empfänglichen|empfänglich|A|形容词 · 宾格阳性|易接受的|einen empfänglichen Zunder：一块易燃的火绒。
endlich|endlich|D|副词|终于|
entfallen|entfallen|I|不定式|（sich etw.）说漏|sich (Dat.) etw. entfallen lassen：无意中说出来。
entfernt|entfernt|A|形容词|远的|weit entfernt sein, … zu …：远远没有……。
enthält|enthalten|V|现在时 sie 形式|包含|diese enthält Notwendigkeit：这种联结包含必然性。
entscheiden|entscheiden|I|不定式|裁决；决定|
entscheidender|entscheidend|A|形容词比较级|更有决定性的|hätte entscheidender werden können：本可能更具决定性。
entscheidendes|entscheidend|A|形容词 · 宾格中性|决定性的|ein entscheidendes Urteil：决定性的判断。
entspringen|entspringen|I|不定式|产生|woraus … hätte entspringen müssen：由此本必定会产生。
entspringende|entspringen|A|现在分词作定语 · 宾格阴性|由……产生的|eine daraus entspringende … Notwendigkeit：由此产生的必然性。
entstehen|das Entstehen|N|动词名词化 · 中性 · 与格|产生；诞生|seit dem Entstehen der Metaphysik：自从形而上学诞生以来。
entweder|entweder|K|连词|或者|entweder … oder …：或者……或者……。
er|er|R|人称代词 · 主格阳性|他；它|多数指休谟；有时指概念（er = der Begriff）或知性（er = der Verstand）。
erdichtungen|die Erdichtung|N|名词 · 阴性 · 复数|虚构|dichten（作诗、编造）→ Erdichtung。
erfahrung|die Erfahrung|N|名词 · 阴性 · 单数|经验|
erfahrungen|die Erfahrung|N|名词 · 阴性 · 复数|经验|gemeine Erfahrungen：普通的经验。
erfanden|erfinden|V|过去式 复数|发明|Sie erfanden … ein bequemeres Mittel：他们发明了一个更省事的办法。
erfinden|erfinden|I|不定式|发明|diese Wissenschaft selbst allererst zu erfinden：首先把这门学问本身发明出来。
erfindungen|die Erfindung|N|名词 · 阴性 · 复数 · 与格|发明|eine von den subtilen Erfindungen：精妙的发明之一（讽刺）。
erfüllten|erfüllen|A|过去分词作定语 · 与格复数|实现了的|nie erfüllten Hoffnungen：从未实现的希望。
ergreifen|ergreifen|I|不定式|抓住|diese Nothilfe ergreifen：抓住这根救命稻草。
erinnerung|die Erinnerung|N|名词 · 阴性 · 单数|提醒；警示|die Erinnerung des David Hume：休谟的提醒。今天最常见的意思是「回忆」，这里是旧义「提醒」。
erkenntnis|die Erkenntnis|N|名词 · 阴性 · 单数|知识；认识|diese Art von Erkenntnis：这类知识。
erkenntnisse|die Erkenntnis|N|名词 · 阴性 · 复数|知识|alle ihre … Erkenntnisse：它的一切知识。
erlöschenden|erlöschen|A|现在分词作定语 · 与格复数|熄灭的|mit niemals erlöschenden … Hoffnungen：用永不熄灭的希望。
errötet|erröten|V|现在时 er 形式（从句末）|脸红|über etw. erröten：因……脸红。rot（红）→ erröten。
ersten|erst|A|形容词 · 宾格阳性|第一的|den ersten Funken：第一点火星。
erwartete|erwarten|V|过去式 er 形式|期待|hierüber erwartete Hume Eröffnung：休谟期待对此的说明。
erzeugt|erzeugen|I|过去分词|生出；孕育|ihn in ihrem Schoße erzeugt zu haben：在自己怀里孕育了它。
eröffnung|die Eröffnung|N|名词 · 阴性 · 单数 · 宾格|说明；揭示（古）|今天常义是「开幕、开业」。
es|es|R|人称代词 · 中性|它|
es#expl|es|R|形式代词（占位）|（不译）|es 只占住位置，真正的内容在后面（zu-不定式、daß-从句）或是固定说法：es gibt、wie kommt es、wie geht es zu、es kommt auf … an、es mit jm aufnehmen。一般不译。
es#it|es|R|人称代词 · 中性|它|指前面的中性名词或事情：wenn es gesetzt ist（一旦它〔某物〕被设定）。
etc|etc.|M|缩写|等等|拉丁语 et cetera。
etwa|etwa|D|副词|大约；比如|nicht etwa：并不是（加强否定）。
etwas|etwas|R|不定代词|某物；一些|etwas Altes：一点旧东西；etwas Sicheres：某种确定的东西；etwas anderes：另一个东西；so etwas, als Metaphysik：像形而上学这样的东西。
falsch|falsch|D|副词|错误地|falsch gestempelt：盖错了印章的。
fehlen|fehlen|I|不定式|欠缺；落空|es kann nicht leicht fehlen, daß …：几乎不可能不……。
felde|das Feld|N|名词 · 中性 · 单数 · 与格（旧词尾 -e）|领域|im Felde der spekulativen Philosophie：在思辨哲学领域里。
fiel|fallen|V|过去式 er 形式（从句中）|落到|auf einen Teil derselben fallen：只顾着其中一部分。
finden|finden|V|现在时 复数|认为；得到|es wert finden, … zu …：认为……值得；Anwendung finden：得到应用。
folge|die Folge|N|名词 · 阴性 · 单数 · 与格|后果；接下来|in der Folge：接下来、随后。
folgebegriffe|der Folgebegriff|N|名词 · 阳性 · 复数|派生概念|Folge（后果）+ Begriff：从原因概念推出的概念，如「力」「行动」。
folgerung|die Folgerung|N|名词 · 阴性 · 单数|结论|seine Folgerung：他的结论。
folgerungen|die Folgerung|N|名词 · 阴性 · 复数 · 属格|结论|in Ansehung seiner Folgerungen：就他的结论而言。
forderte|fordern / auffordern|V|过去式 er 形式（可分动词，前缀在后）|要求|forderte … auf = aufforderte：要求某人做……。
forderungen|die Forderung|N|名词 · 阴性 · 复数|要求|die hier geäußerte Forderungen：这里提出的要求。
fortgesetztem|fortgesetzt|A|过去分词作定语 · 与格中性（无冠词）|继续的|bei fortgesetztem Nachdenken：在继续思考中。
fortrückt|fortrücken|V|现在时 sie 形式（从句末）|前进|fort（向前）+ rücken（移动）。
frage|die Frage|N|名词 · 阴性 · 单数|问题|die Frage aufwerfen：提出问题；es war nicht die Frage, ob …：问题不在于……。
fragen|fragen|I|不定式|问|Zu fragen: ob …：问……是否……（不定式作主语）。
frei|frei|D|副词|坦白地|Ich gestehe frei：我坦白承认。
fundament|das Fundament|N|名词 · 中性 · 单数|地基|das Fundament desselben：塔的地基。
funken|der Funke(n)|N|名词 · 阳性 · 单数 · 宾格|火星|einen Funken schlagen：打出火星；den ersten Funken dieses Lichts：这道光的第一点火星。
fuße|der Fuß|N|名词 · 阳性 · 单数 · 与格（旧词尾 -e）|脚；基础|auf demselben Fuße bleiben：维持原样。
fälschlich|fälschlich|D|副词|错误地|
fühlen|fühlen|V|现在时 复数（从句中）|（sich）觉得|sich stark genug fühlen, … zu …：觉得自己有足够能力……。
gab|geben|V|过去式 es 形式|给|eine ganz andre Richtung gab：给了一个完全不同的方向。
gabe|die Gabe|N|名词 · 阴性 · 单数|恩赐；天赋|eine große Gabe des Himmels：上天的一大恩赐。
gang|der Gang|N|名词 · 阳性 · 单数|运转|in Gang bringen：使运转起来。
ganz|ganz|D|副词|完全地|ganz und gar：彻底地、完全地；ganz wohl：完全可以。
ganze|ganz|A|形容词|整个的；全部的|dessen ganze Habseligkeit：他的全部家当；das Ganze：整体（名词化）。
ganzen|ganz|A|形容词|整个的|der ganzen Naturerkenntnis：整个自然知识的；im Ganzen：从整体上。
gar|gar|D|副词|（加强）根本；太|gar nicht：根本不；gar sehr：非常；gar zu innigst：太紧密。
gebe|geben|V|第一虚拟式 es 形式|（es gebe）有|es gebe überall keine Metaphysik：根本没有形而上学（转述）。
geben|geben|I|不定式|给；有|jm Gehör geben：听从；Auskunft geben：答复；Nachricht geben：报道；es geben：存在。
gebracht|bringen|I|过去分词|带到|unter das Gesetz der Assoziation gebracht：置于联想律之下。
gebrauch|der Gebrauch|N|名词 · 阳性 · 单数|使用|
gebrauche|der Gebrauch|N|名词 · 阳性 · 单数 · 与格（旧词尾 -e）|使用|im Gebrauche：在使用中。
gebrauches|der Gebrauch|N|名词 · 阳性 · 单数 · 属格|使用的|seines Gebrauches：它的使用的。
geburt|die Geburt|N|名词 · 阴性 · 单数|诞生|eine neue Geburt：重新诞生。
gedacht|denken|I|过去分词|被思考|a priori gedacht werden：被先天地思考。
gedanken|der Gedanke|N|名词 · 阳性 · 单数 · 与格|思想|von einem … Gedanken：从一个思想（出发）。弱变化：der Gedanke, den / dem / des Gedanken(s)。
gefaßt|gefasst|A|形容词|有准备的|sich auf etw. gefaßt machen：做好……的准备。
gefunden|finden|I|过去分词|找到|gefunden werden：被找到。
gegeben|geben|I|过去分词|给出|so würde es sich … von selbst gegeben haben：就会自然有了答案。
gegenstände|der Gegenstand|N|名词 · 阳性 · 复数|对象|über unzählige Gegenstände：在无数对象上；Gegenstände der Erfahrung：经验的对象。
gegenwärtige|gegenwärtig|A|形容词 · 主格复数（无冠词）|眼前这本的|gegenwärtige Prolegomena：眼前这本《导论》。
gegner|der Gegner|N|名词 · 阳性 · 复数|对手|seine Gegner：他（休谟）的对手们。
gegründet|gründen|A|过去分词|建立在……上的|auf Untersuchung gegründet：建立在研究之上。
gegründeten|gegründet|A|过去分词作定语 · 与格阳性|有根据的|von einem gegründeten … Gedanken：从一个有根据的思想。
gehaltenen|halten|A|过去分词作定语 · 属格阳性|被当作……的|vor rechtmäßig gehaltenen：被当作合法的（vor = für）。
gehen|gehen|V|现在时 复数|走；（auf die Neige）快用完|auf die Neige gehen：快用尽了。
geht|gehen|V|现在时 es 形式|（wie geht es zu）怎么会|wie geht es zu, daß …？怎么会……？
gehör|das Gehör|N|名词 · 中性 · 单数|听；倾听|jm Gehör geben：听从某人。
gekommen|kommen|I|过去分词|来；到|wie weit man … gekommen sei：已经走了多远；in den Sinn gekommen war：想到过。
gelehrte|der Gelehrte|N|形容词名词化 · 复数|学者|Es gibt Gelehrte：有些学者。
geleistet|leisten|I|过去分词|满足；完成|die Forderungen werden geleistet：要求被满足。
gelten|gelten|I|不定式|被看作|als etw. gelten：被看作……。
gemeine|gemein|A|形容词|普通的|gemeine Erfahrungen：普通经验。gemein 的古义是「普通的、共同的」，今天常义是「卑鄙」。
gemeinen|gemein|A|形容词|普通的|der gemeine Menschenverstand：普通人类知性 = 常识；den gemeinen Verstand：普通知性。
genug|genug|D|副词|足够|stark genug：足够有能力。
geraden|gerade|A|形容词 · 宾格阳性|正直的|einen geraden … Menschenverstand：一种正直的常识。
gesagt|sagen|I|过去分词|说|kann nichts gesagt werden：说不出任何东西；gesagt worden ist：已被说过。
geschehen|geschehen|I|过去分词 / 不定式|发生|da dieses noch niemals geschehen (ist)：既然这还从未发生；als ob nichts geschehen wäre：仿佛什么也没发生。
geschehene|geschehen|N|分词名词化 · 中性|已发生的事|alles bisher Geschehene：迄今发生的一切。
geschehenen|geschehen|N|分词名词化 · 中性 · 与格|已发生的事|von dem Geschehenen：关于已经发生的事。
geschichte|die Geschichte|N|名词 · 阴性 · 单数|历史|die Geschichte der Philosophie：哲学史。
geschrieben|schreiben|I|过去分词|写|nicht geschrieben：不是（为他们）写的。
geschwärmt|schwärmen|I|过去分词|狂热地空想|康德常用 Schwärmerei 批评脱离经验的空想。
geschwätze|das Geschwätz|N|名词 · 中性 · 单数 · 与格（旧词尾 -e）|空谈|von seichtem Geschwätze：与肤浅的空谈（区分）。schwätzen：闲聊。
gesehen|sehen|I|过去分词|看见|was sie … gesehen haben：他们见过的。
gesetz|das Gesetz|N|名词 · 中性 · 单数 · 宾格|法则；规律|das Gesetz der Assoziation：联想律。
gesetzt|setzen|I|过去分词|设定|wenn es gesetzt ist：一旦它被设定。setzen 是哲学术语「设定」：假定某物存在。
gestehe|gestehen|V|现在时 ich 形式|承认|Ich gestehe frei：我坦白承认。
gestehen|gestehen|I|不定式|承认|so wird er gestehen：他（读者）会承认。
gestempelte|gestempelt|A|过去分词作定语 · 主格复数（无冠词）|盖了印章的|falsch gestempelte … Erfahrungen：贴错了标签的经验。
gesunde|gesund|A|形容词 · 主格阳性|健全的|der … gesunde Verstand：那个「健全的」知性。
gesunden|gesund|A|形容词 · 宾格阳性|健全的|auf einen gesunden Verstand：对健全的知性（有权要求）。
gesunder|gesund|A|形容词 · 主格阳性（无冠词 / 不定冠词后）|健全的|gesunder Verstand：健全的知性（常识的另一种说法）；ein gesunder Verstand。
getraue|getrauen|V|现在时 ich 形式|（sich）敢于|ich getraue mir, … zu …：我敢……（mir 是与格，旧用法）。
getroffen|treffen|I|过去分词|碰到|wenn er einen … Zunder getroffen hätte：要是它落在一块火绒上。
getrost|getrost|D|副词|放心地|
geurteilt|urteilen|I|过去分词|判断|wo … geurteilt werden soll：需要作判断的地方（无人称被动）。
gewicht|das Gewicht|N|名词 · 中性 · 单数|重量；砝码|Maß und Gewicht：度量衡（比喻判断的标准）。
gewisse|gewiss|A|形容词|某种；某些|eine gewisse Pein：某种痛苦；gewisse Vorstellungen：某些表象。
gewiß|gewiss|D|副词|肯定|旧拼写，今天写 gewiss。
gewohnheit|die Gewohnheit|N|名词 · 阴性 · 单数|习惯|休谟的关键词：因果的「必然性」只是习惯。
gezogen|ziehen|I|过去分词|拉；（in Zweifel）提出|in Zweifel ziehen：怀疑。
geäußerte|äußern|A|过去分词作定语 · 主格复数|提出的|die hier geäußerte Forderungen：这里提出的要求（今天应写 geäußerten）。
gibt|geben|V|现在时 es 形式|（es gibt）有|Es gibt Gelehrte：有些学者。
ging|gehen / ausgehen|V|过去式 er 形式（可分动词，前缀在后）|（从……）出发|ging … aus = ausging：von etw. ausgehen（从……出发）。
gleichwohl|gleichwohl|D|副词|尽管如此|
glimmen|das Glimmen|N|动词名词化 · 中性|微燃|dessen Glimmen：它（火绒）的微火。
glänzen|glänzen|I|不定式|大放光彩|in andern Wissenschaften glänzen：在别的科学中大放光彩。
glücklicher|glücklich|D|副词比较级|更成功地|glücklicher aufzulösen：更成功地解决。glücklich 在这里是「顺利、成功」。
gnüge|das Genüge|N|名词 · 中性 · 单数（旧写法）|满足|einer Sache ein Genüge tun：满足……的要求。Gnüge 是 Genüge 的旧写法。
groß|groß|D|副词|大地|groß tun：吹嘘。
große|groß|A|形容词 · 主格阴性|大的|eine große Gabe：一大恩赐。
großer|groß|A|形容词 · 与格阴性（无冠词）|大的|mit großer Unbescheidenheit：极不谦虚地。
grundsätze|der Grundsatz|N|名词 · 阳性 · 复数|原理|seine Grundsätze：它的原理。
gründlichkeit|die Gründlichkeit|N|名词 · 阴性 · 单数|深刻；彻底|gründlich（彻底的）+ -keit。
gründlichsten|gründlich|A|形容词最高级 · 与格阳性|最深刻的|mit dem gründlichsten Kopfe：和最深刻的头脑。
guten|gut|A|形容词 · 主格复数|好的；优秀的|die guten Köpfe seiner Zeit：他那个时代的优秀头脑。
gänzlich|gänzlich|D|副词|完全地|gänzlich unmöglich；gänzlich überzeugt。
gänzliche|gänzlich|A|形容词 · 主格阴性|彻底的|eine gänzliche Reform：一场彻底的改革。
gültig|gültig|A|形容词|有效的|
