habe|haben|V|第一虚拟式 er / sie 形式|有|die Vernunft habe gar kein Vermögen …：理性根本没有……能力（转述休谟）；Hume habe … Anspruch machen können：休谟本有权……（habe … können）。
haben|haben|V|助动词 · 复数 / 不定式|（完成时）|gesehen haben：见过；ausgemacht haben：办完；erzeugt zu haben：孕育了（完成时不定式）。
habseligkeit|die Habseligkeit|N|名词 · 阴性 · 单数|家当|今天多用复数 Habseligkeiten（全部家当）。
halte|halten|V|第一虚拟式 sie 形式（从句末）|当作|etw. vor (= für) etw. halten：把……当作……。
hand|die Hand|N|名词 · 阴性 · 单数|手|in der Hand：手里拿着；vor der Hand：暂时。
handlung|die Handlung|N|名词 · 阴性 · 单数 · 属格|行动|der Kraft und Handlung：力和行动的（概念）。
hat|haben|V|现在时 er / sie 形式|有；（完成时）|geschwärmt hat：胡思乱想过；gebracht hat：置于（完成时）。
hatte|haben|V|过去式 er 形式|有；（过去完成时）|hatte … in Zweifel gezogen：曾怀疑过；zu verdanken hatte：要归功于。
hauptsächlich|hauptsächlich|D|副词|主要地|
heftigkeit|die Heftigkeit|N|名词 · 阴性 · 单数|激烈|mit Heftigkeit：激烈地。
herabsehen|herabsehen|I|不定式|俯视|auf jn herabsehen：俯视、瞧不起某人。
hernach|hernach|D|副词（古旧）|后来|= danach。
herumzudrehen|herumdrehen|I|zu-不定式（可分动词）|（sich）打转|sich auf derselben Stelle herumdrehen：在原地打转。
hier|hier|D|副词|这里|
hieraus|hieraus|D|副词|由此|hieraus schließen：由此推断。
hierüber|hierüber|D|副词|关于这一点|
himmels|der Himmel|N|名词 · 阳性 · 单数 · 属格|天；上天|eine Gabe des Himmels：上天的恩赐。
hindurch|hindurch|P|后置介词|在……期间|viele Jahrhunderte hindurch：几百年来；einige Zeit hindurch：一段时间里。
hineindringen|hineindringen|I|不定式|深入|in etw. hineindringen：深入到……里。
hinhält|hinhalten|V|现在时 sie 形式（从句末合写）|拖着；吊着|jn mit Hoffnungen hinhalten：用希望吊着某人。
hinterlassen|hinterlassen|I|过去分词|留下|den uns ein anderer hinterlassen (hat)：别人留给我们的。
hoffen|hoffen|I|不定式|希望|
hoffnungen|die Hoffnung|N|名词 · 阴性 · 复数 · 与格|希望|
hume|Hume|N|专有名词|休谟|David Hume（1711–1776），苏格兰哲学家。他认为因果关系不能先天地认识，只是习惯。康德说休谟「打断了我独断论的迷梦」。
hält|halten|V|现在时 sie 形式（从句末）|保持|in Schranken halten：限制在界限之内。
hätte|haben|V|第二虚拟式 er / es 形式|（假如）有；本可以|hätte … werden können：本可能变得；hätte anzünden können：本可以点燃；hätte entspringen müssen：本必定产生；was damit einige Ähnlichkeit hätte：和它有些相似的。
hätten|haben|V|第二虚拟式 复数|本应|hätten … hineindringen müssen：本必须深入；vereinigt hätten：本应联合起来。
hüten|hüten|I|不定式|（sich）当心|sich hüten, … zu …：小心避免……。
i|d. i.|M|缩写的一部分|即|d. i. = das ist。
ich|ich|R|人称代词|我|
ihm|er|R|人称代词 · 与格|（给 / 向）他|ihm Rede und Antwort geben：向他（休谟）交代；ihm Gehör geben：听从他；mit ihm：和他。
ihn|er|R|人称代词 · 宾格阳性|他；它|auf ihn herabsehen：俯视他；ihn erzeugt：孕育它（概念）；sich auf ihn berufen：援引它（常识）。
ihnen|sie（复数）|R|人称代词 · 复数与格|他们|an ihnen：轮到他们；ihnen ungelegen：对他们不方便。
ihr|ihr|T|物主代词|她的；它的|vor ihr eigen Kind：当作它（理性）自己的孩子。
ihre|ihr|T|物主代词|她的；它的；他们的|ihre Philosophie：他们的哲学；ihre Arbeit：他们的工作；ihre Anhänger：它的追随者；ihre Möglichkeit：它的可能性。
ihrem|ihr|T|物主代词 · 与格|它的|in ihrem Schoße：在它（理性）的怀抱里。
ihren|ihr|T|物主代词 · 与格复数|他们的|mit ihren metaphysischen Kompendien：拿着他们的形而上学教科书。
ihrer|ihr|T|物主代词 · 与格阴性|他们的|ihrer Meinung nach：按他们的看法。
ihres|ihr|T|物主代词 · 属格阳性|他们的|ihres alten … Besitzes：他们的老产业的。
im|in + dem|P|介词与冠词缩合 · 与格|在……中|im Felde：在领域里；im Gebrauche：在使用中；im allgemeinen：一般地；im Ganzen：从整体上。
immer|immer|D|副词|总是|nur immer：只管。
in|in|P|介词（与格 / 宾格）|在……里；到……里|
indem|indem|K|连词|通过……；在……时|indem sie … annahmen：他们一边……（通过……的方式）。
indessen|indessen|D|副词 / 连词|然而；而同时|indessen daß = während（而同时）；Da sich indessen …：然而既然……。
innigst|innig|D|副词最高级|最紧密地|gar zu innigst：太紧密。
innre|inner|A|形容词 · 宾格阴性|内在的|= innere。innre Wahrheit：内在真理性。
interesse|das Interesse|N|名词 · 中性 · 单数|利益；关切|das Interesse der allgemeinen Menschenvernunft：普遍人类理性的利益。
irgendwo|irgendwo|D|副词|在某处|
ist|sein|V|现在时 er / sie / es 形式|是|
ists|sein|V|现在时（ist es 的缩写）|是|ists = ist es。
ja|ja|Z|语气词|本来；毕竟|Es war ja nur die Rede von …：本来讨论的只是……（ja 表示「这是明摆着的」）。
jahren|das Jahr|N|名词 · 中性 · 复数 · 与格|年|vor vielen Jahren：多年以前。
jahrhunderte|das Jahrhundert|N|名词 · 中性 · 复数 · 宾格|世纪|viele Jahrhunderte hindurch：好几百年来。
jede|jeder|T|不定代词 · 主格阴性|每一个|jede andre Wissenschaft：其他每一门科学。
jedem|jeder|T|不定代词 · 与格中性|每一个|zu jedem Neuen：对每一个新东西。
jeder|jeder|T|不定代词 · 主格阳性|每一个|jeder Mensch：每一个人；jeder in seiner Art：各有所长。
jedermann|jedermann|R|不定代词|每个人|jedermann, der …：每一个……的人；beleidigt jedermann：冒犯每一个人。
jederzeit|jederzeit|D|副词|总是|
jeher|jeher|D|副词（只用于 von jeher）|向来|von jeher：向来、自古以来。
jemand|jemand|R|不定代词|某人|
jener|jener|R|指示代词 · 主格阳性|前者|jener …, dieser …：前者……，后者……（jener 指健全知性）。
jenes|jener|R|指示代词 · 中性|前者|wäre jenes nur ausgemittelt：只要前者（起源问题）弄清楚了。
kam|kommen|V|过去式 er 形式（从句末）|走到|als der scharfsinnige Mann kam：比那位敏锐的人（走得远）。
kann|können|V|情态动词 · 现在时 er / es / man 形式|能|
kein|kein|T|否定冠词|没有|kein Licht（宾格中性）；kein … Maß（主格中性）；kein Vermögen、kein Urteil。
keine|kein|T|否定冠词 · 阴性|没有|keine Begebenheit（主格）；keine Metaphysik、keine Auskunft（宾格）；auch keine geben：也不可能有。
keinem|kein|R|否定代词 · 与格阳性|没有一个人|von keinem verstanden：不被任何人理解。
kind|das Kind|N|名词 · 中性 · 单数|孩子|vor ihr eigen Kind halten：当作亲生孩子。
kleiner|klein|A|形容词 · 主格阳性|小的|ein kleiner Rest：一点点剩余。
kleinode|das Kleinod|N|名词 · 中性 · 单数 · 与格（旧词尾 -e）|珍宝|in diesem vermeinten Kleinode：在这件自以为的珍宝里。
kluges|klug|N|形容词名词化 · 中性|聪明的东西|nichts Kluges：没有什么聪明话。
kommt|kommen|V|现在时 es / sie 形式|来；（wie kommt es）怎么会|wie kommt es, daß …？怎么会……？wenn die Einsicht spät kommt：洞见来得晚。
kompendien|das Kompendium|N|名词 · 中性 · 复数 · 与格|纲要；教科书|拉丁词，复数 Kompendien。指当时大学里用的形而上学教科书（如鲍姆加登的《形而上学》）。
kopfe|der Kopf|N|名词 · 阳性 · 单数 · 与格（旧词尾 -e）|头脑|mit dem gründlichsten Kopfe：和最深刻的头脑。
kraft|die Kraft|N|名词 · 阴性 · 单数|力|der Kraft und Handlung：力和行动的。
kritische|kritisch|A|形容词 · 宾格阴性|批判的|eine kritische Vernunft：批判的理性。「批判」是康德哲学的名字：先考察理性能力的范围和界限。
kupferstechen|das Kupferstechen|N|动词名词化 · 中性|铜版雕刻|Kupfer（铜）+ stechen（刻）。
könne|können|V|第一虚拟式|能|daß etwas so beschaffen sein könne：某物可以具有这样的性状。
können|können|V|情态动词 · 不定式 / 复数|能|hätte … werden können：本可能变得。
köpfe|der Kopf|N|名词 · 阳性 · 复数|头脑；人才|die guten Köpfe seiner Zeit：他那个时代的优秀头脑。
künftige|künftig|A|形容词 · 宾格复数（无冠词）|未来的|vor künftige Lehrer：给未来的教师。书名 Prolegomena zu einer jeden künftigen Metaphysik 里也有这个词。
lande|das Land|N|名词 · 中性 · 单数 · 与格（旧词尾 -e）|领域；国土|in diesem Lande：在这片领域里（比喻形而上学）。
langer|lang|A|形容词 · 与格阴性（无冠词）|长期的|nach langer Bearbeitung：经过长期研究之后。
lasse|lassen|V|第一虚拟式 es 形式|（sich … lassen）能被|wie sich … der Begriff … einführen lasse：概念怎么能被引入。
lehrer|der Lehrer|N|名词 · 阳性 · 复数|教师|vor künftige Lehrer：给未来的教师。
lehrlinge|der Lehrling|N|名词 · 阳性 · 复数|学徒；学生|今天主要指职业培训里的「学徒」。
leibnizens|Leibniz|N|专有名词 · 属格|莱布尼茨的|Gottfried Wilhelm Leibniz（1646–1716），德国哲学家、数学家。Leibnizens 是旧式属格。
leicht|leicht|D|副词|轻易地|es kann nicht leicht fehlen：几乎不可能不……。
leser|der Leser|N|名词 · 阳性 · 单数|读者|der selbstdenkende Leser：独立思考的读者。
licht|das Licht|N|名词 · 中性 · 单数|光；灯|Licht in etw. bringen：给……带来光明（弄清楚）；ein Licht anzünden：点一盏灯。
lichte|das Licht|N|名词 · 中性 · 单数 · 与格（旧词尾 -e）|光|beim Lichte besehen：仔细看来。
lichts|das Licht|N|名词 · 中性 · 单数 · 属格|光的|den ersten Funken dieses Lichts：这道光的第一点火星。
ließe|lassen|V|第二虚拟式 es 形式|让|was eine nahe Veränderung besorgen oder hoffen ließe：让人担心或盼望一场变化的事。lassen + 不定式：让……。
lockes|Locke|N|专有名词 · 属格|洛克的|John Locke（1632–1704），英国经验论哲学家。
länger|lang|D|副词比较级|更久|unmöglich länger bleiben：不可能再这样下去。
läßt|lassen|V|现在时 er 形式|让|sich etw. einfallen läßt：想到；sich etw. entfallen läßt：说漏。= lässt。
machen|machen|I|不定式|做|Anspruch machen：要求；sich gefaßt machen：做好准备。
machte|machen|V|过去式 er 形式（从句末）|做；发动|den David Hume auf dieselbe machte：休谟对它发动的（攻击）。
mag|mögen|V|情态动词 · 现在时 er / man 形式|不妨；尽管|① 让步：Man mag … , so …（无论……）；② 不妨：mag dieses … gelten（这不妨被看作……）；③ mag sich … nur immer gefaßt machen（只管准备吧）。
man|man|R|不定代词|人们|
mancherlei|mancherlei|A|不变格形容词|各种各样的|auf mancherlei Weise：以各种方式。
mann|der Mann|N|名词 · 阳性 · 单数|人；男子|der scharfsinnige Mann：那位敏锐的人（指休谟）。
mannes|der Mann|N|名词 · 阳性 · 单数 · 属格|人的|des berühmten Mannes：这位名人的。
maß|das Maß|N|名词 · 中性 · 单数|尺度|Maß und Gewicht：度量衡。
mehrenteils|mehrenteils|D|副词（古旧）|多半|= meistens。
mehrmalen|mehrmalen|D|副词（古旧）|多次|= mehrmals。
meine|mein|T|物主代词 · 主格阴性|我的|Meine Absicht：我的意图。
meinen|mein|T|物主代词 · 与格复数|我的|meinen Untersuchungen：（给）我的研究。
meinung|die Meinung|N|名词 · 阴性 · 单数|看法|ihrer Meinung nach：按他们的看法。
meißel|der Meißel|N|名词 · 阳性 · 单数|凿子|
menge|die Menge|N|名词 · 阴性 · 单数 · 属格|大众；群众|das Urteil der Menge：大众的判断。
mensch|der Mensch|N|名词 · 阳性 · 单数|人|jeder Mensch：每个人。
menschenvernunft|die Menschenvernunft|N|名词 · 阴性 · 单数|人类理性|
menschenverstand|der Menschenverstand|N|名词 · 阳性 · 单数|人类知性；常识|der gemeine Menschenverstand：常识（common sense）。
menschliche|menschlich|A|形容词 · 主格|人类的|der menschliche Verstand；die menschliche Vernunft。
menschlichen|menschlich|A|形容词 · 宾格阳性|人类的|den menschlichen Verstand：人类的知性。
metaphysik|die Metaphysik|N|名词 · 阴性 · 单数|形而上学|研究超出经验的对象（上帝、灵魂自由、世界整体）的学问。本书的问题：它作为科学是否可能？
metaphysischen|metaphysisch|A|形容词 · 与格复数|形而上学的|mit ihren metaphysischen Kompendien：拿着形而上学教科书。
mir|ich|R|人称代词 · 与格|（给）我|ich getraue mir …：我敢……；was mir … unterbrach：打断了我的……。
mit|mit|P|介词（支配与格）|和；用；带着|mit diesem Begriffe：在这个概念上；mit Verachtung：轻蔑地；mit ihren Kompendien in der Hand：手里拿着教科书。
mithin|mithin|D|副词|因此|
mittel|das Mittel|N|名词 · 中性 · 单数|手段；办法|ein bequemeres Mittel：一个更省事的办法。
muß|müssen|V|情态动词 · 现在时 es / man 形式|必须|= muss。
möchte|mögen|V|第二虚拟式 es 形式|可能（是）|wie das Fundament … beschaffen sein möchte：地基可能是什么样；bestehen möchte：也许在于。
möglich|möglich|A|形容词|可能的|ob … möglich sei：是否可能。全书的问题。
möglichkeit|die Möglichkeit|N|名词 · 阴性 · 单数|可能性|ihre Möglichkeit：它（形而上学）的可能性。
müsse|müssen|V|第一虚拟式 es 形式|必须|notwendig gesetzt werden müsse：必然被设定；auch sein müsse：也必然存在。
müssen|müssen|V|情态动词 · 不定式 / 复数|必须|Sie müssen warten：他们得等着；hätten … hineindringen müssen：本必须深入。
nach|nach|P|介词（支配与格）|在……之后；按照|nach langer Bearbeitung：经过长期研究之后；nach einem … Plane：按照一个计划；ihrer Meinung nach：按他们的看法（后置）；Nachfrage nach ihr：对它的需求。
nachdenken|das Nachdenken|N|动词名词化 · 中性|思考|bei fortgesetztem Nachdenken：在继续思考中。
nachfrage|die Nachfrage|N|名词 · 阴性 · 单数|需求|die Nachfrage nach ihr：对它的需求（今天常用于经济学：Angebot und Nachfrage 供与求）。
nachricht|die Nachricht|N|名词 · 阴性 · 单数|消息|von etw. Nachricht geben：报道……。
nahe|nah|A|形容词 · 宾格阴性|即将到来的；近的|eine nahe Veränderung：即将到来的变化。
natur|die Natur|N|名词 · 阴性 · 单数|本性；自然|die Natur dieser … Wissenschaft：这门科学的本性；die Natur der Vernunft：理性的本性。
naturerkenntnis|die Naturerkenntnis|N|名词 · 阴性 · 单数 · 属格|自然知识|der ganzen Naturerkenntnis：整个自然知识的。
neige|die Neige|N|名词 · 阴性 · 单数|残余；末尾|auf die Neige gehen：快用尽了（原指杯底剩的酒）。
nennende|nennen|A|现在分词作定语 · 主格阳性|称呼……的|der sich selbst … so nennende gesunde Verstand：那个这样自称的「健全」知性。
neue|neu|A|形容词 · 主格阴性|新的|eine neue Geburt：重新诞生。
neuen|neu|A|形容词 / 名词化|新的；新东西|der alten sowohl als neuen (Philosophie)：古代的和近代的哲学；zu jedem Neuen：对每一个新东西（名词化）。
neuerer|neu|A|形容词比较级 · 属格复数（无冠词）|较新的；近来的|neuerer Zeiten：近来的、近代的。
neuerlich|neuerlich|D|副词|最近|
nicht|nicht|D|否定副词|不|
nichts|nichts|R|不定代词|没有什么|nichts anders als：无非是；nichts Kluges：没有什么聪明话。
nichtwissen|das Nichtwissen|N|名词 · 中性 · 单数|无知|sein Wissen oder Nichtwissen：自己的知或无知。
nie|nie|D|副词|从不|
niemals|niemals|D|副词|从不|
nirgends|nirgends|D|副词|无处|nirgends etwas … als …：除了……什么都不。
noch|noch|D|副词|还；仍|noch niemals：还从来没有；noch überdem：而且还。
nothilfe|die Nothilfe|N|名词 · 阴性 · 单数|应急之策|Not（危急）+ Hilfe（帮助）。
notwendig|notwendig|D|副词|必然地；必须地|notwendig gesetzt werden：必然被设定；unumgänglich notwendig：绝对必要。
notwendiger|notwendig|A|形容词 · 属格阴性|必然的|notwendiger Weise = notwendigerweise：必然地（属格作状语）。
notwendigkeit|die Notwendigkeit|N|名词 · 阴性 · 单数|必然性|subjektive / objektive Notwendigkeit：主观的 / 客观的必然性。休谟：因果的必然性只是主观的（习惯）。
nun|nun|D|副词|现在；那么|
nur|nur|D|副词|只；只要|wäre jenes nur ausgemittelt：只要前者被查明了。
nämlich|nämlich|D|副词|即；就是|
