ob|ob|K|连词|是否|als ob：仿佛。
objektive|objektiv|A|形容词 · 宾格阴性|客观的|eine objektive (Notwendigkeit) aus Einsicht：出于洞见的客观必然性。
obzwar|obzwar|K|连词（古旧）|虽然|= obwohl。
oder|oder|K|连词|或者；或者说|oder vielmehr：或者不如说。
oft|oft|D|副词|常常|
ohne|ohne|P|介词（支配宾格）/ 连词|没有；而不|ohne alle Einsicht：毫无见识；ohne … zu …：而不……；ohne daß …：除非……。
orakel|das Orakel|N|名词 · 中性 · 单数|神谕|古希腊德尔斐神庙的神谕。康德讽刺：形而上学自命为智慧，人人去问它；常识被人当作神谕搬出来。
oswald|Oswald|N|专有名词|奥斯瓦尔德|James Oswald（1703–1793），苏格兰神学家，「常识学派」的代表之一。
pein|die Pein|N|名词 · 阴性 · 单数|痛苦|eine gewisse Pein：某种痛苦（书面）。
per|per antiphrasin|X|拉丁语介词|以；通过|per antiphrasin：以反语。
philosoph|der Philosoph|N|名词 · 阳性 · 单数|哲学家|
philosophie|die Philosophie|N|名词 · 阴性 · 单数|哲学|
plane|der Plan|N|名词 · 阳性 · 单数 · 与格（旧词尾 -e）|计划|nach einem bisher ganz unbekannten Plane：按一个迄今完全未知的计划。
populäre|populär|A|形容词 · 主格阳性|通俗的|der populäre Witzling：通俗的耍小聪明的人。康德时代的「通俗哲学」（Popularphilosophie）以浅显文笔讨好读者，康德对此很不屑。
priestley|Priestley|N|专有名词|普里斯特利|Joseph Priestley（1733–1804），英国化学家（发现氧气）、神学家、哲学家。
priori|a priori|X|拉丁语|先天|a priori：不依赖经验的。见《纯理》导言。
prolegomena|die Prolegomena|N|名词 · 复数|导论；绪论|希腊语「先说的话」。复数，所以 Diese Prolegomena sind …。
prolegomenen|die Prolegomena|N|名词 · 复数 · 属格（德语化变格）|导论的|dieser Prolegomenen：这本导论的。
punkt|der Punkt|N|名词 · 阳性 · 单数 · 宾格|要点|den Punkt … verfehlen：没抓住要点。
quellen|die Quelle|N|名词 · 阴性 · 复数 · 与格|源泉|aus den Quellen der Vernunft selbst schöpfen：从理性本身的源泉汲取。
radiernadel|die Radiernadel|N|名词 · 阴性 · 单数|蚀刻针|radieren（蚀刻）+ Nadel（针）。
rechte|das Recht|N|名词 · 中性 · 单数 · 与格（旧词尾 -e）|权利|mit welchem Rechte：凭什么权利。法律上的「权利问题」（quid juris）后来成为康德「演绎」的出发点。
rechtfertigen|rechtfertigen|I|不定式|（sich）辩护|sich über etw. rechtfertigen：为……辩护。recht（正当）+ fertigen（做成）。
rechtfertigung|die Rechtfertigung|N|名词 · 阴性 · 单数 · 与格|辩护|zu seiner Rechtfertigung：为自己辩护。
rechtmäßig|rechtmäßig|A|形容词|合法的|vor (= für) rechtmäßig halten：认为是合法的。
rede|die Rede|N|名词 · 阴性 · 单数|话；谈论|es ist die Rede von …：讨论的是……；jm Rede und Antwort geben：向某人作出交代。
reform|die Reform|N|名词 · 阴性 · 单数|改革|eine völlige Reform：彻底的改革。
reicht|reichen|V|现在时 sie 形式（从句末）|达到|soweit die Geschichte derselben reicht：就它的历史所及。
reid|Reid|N|专有名词|里德|Thomas Reid（1710–1796），苏格兰「常识学派」创始人，以常识反驳休谟。
reihe|die Reihe|N|名词 · 阴性 · 单数|次序；轮次|an jm ist die Reihe：轮到某人。
reinem|rein|A|形容词 · 与格中性（无冠词）|纯粹的|mit reinem Denken：（从事）纯粹思维。
rest|der Rest|N|名词 · 阳性 · 单数|剩余|ein kleiner Rest von Einsicht：一点点剩下的见识。
richtig|richtig|A|形容词|正确的|
richtung|die Richtung|N|名词 · 阴性 · 单数 · 宾格|方向|eine ganz andre Richtung：一个完全不同的方向。
ruhm|der Ruhm|N|名词 · 阳性 · 单数 · 宾格|名声；荣誉|ihren Ruhm … wagen：拿自己的名声冒险。
rührten|rühren|V|过去式 复数（从句末）|（daher rühren）来源于|daher rühren, weil …：是因为……。
sache|die Sache|N|名词 · 阴性 · 单数|事情|ihre Sache ausmachen：把事情办完。
sagt|sagen|V|现在时 er 形式|说|das sagt der Begriff der Ursache：原因概念说的就是这个；welches ebensoviel sagt, als …：这等于说……。
schalste|schal|A|形容词最高级 · 主格阳性|最乏味的|der schalste Schwätzer：最乏味的空谈家。schal 原指饮料「走了气的」。
scharfsinnige|scharfsinnig|A|形容词 · 主格阳性|敏锐的|der scharfsinnige Mann：那位敏锐的人（指休谟）。scharf（锋利）+ Sinn（心智）。
scheine|der Schein|N|名词 · 阳性 · 单数 · 与格（旧词尾 -e）|外表；假象|unter dem Scheine einer Wissenschaft：顶着科学的外表。Schein 在康德哲学里很重要（「先验幻相」）。
scheint|scheinen|V|现在时 es 形式|似乎|Es scheint beinahe belachenswert：简直有点可笑。
schicksal|das Schicksal|N|名词 · 中性 · 单数|命运|
schicksals|das Schicksal|N|名词 · 中性 · 单数 · 属格|命运的|in Ansehung des Schicksals dieser Wissenschaft：就这门科学的命运而言。
schlichten|schlicht|A|形容词 · 宾格阳性|朴素的|（einen）schlichten Menschenverstand：朴素的常识。
schloß|schließen|V|过去式 er 形式|推断|hieraus schließen：由此推断。= schloss。
schlug|schlagen|V|过去式 er 形式|打出|einen Funken schlagen：打出火星。
schlummer|der Schlummer|N|名词 · 阳性 · 单数 · 宾格|小睡；瞌睡|den dogmatischen Schlummer unterbrechen：打断独断论的迷梦。比「Schlaf（睡眠）」更轻、更带诗意。
schlägel|der Schlägel|N|名词 · 阳性 · 单数|槌|今天多写 Schlegel。
schon|schon|D|副词|已经；自然会|schon sonst：早已在别处；schon von selbst：自然就。
schoße|der Schoß|N|名词 · 阳性 · 单数 · 与格（旧词尾 -e）|怀抱；母腹|in ihrem Schoße erzeugt：在它的怀里孕育。
schranken|die Schranke|N|名词 · 阴性 · 复数|界限；栏杆|in Schranken halten：限制在界限之内。为理性划界正是「批判」的任务。
schritt|der Schritt|N|名词 · 阳性 · 单数 · 宾格|步|ohne einen Schritt weiterzukommen：一步也前进不了。
schwerer|schwer|A|形容词比较级|更难的|es ist jederzeit schwerer, … zu …：总是更难……。
schwätzer|der Schwätzer|N|名词 · 阳性 · 单数|空谈家|schwätzen（闲扯）+ -er。
schöpfen|schöpfen|I|不定式|汲取|aus den Quellen schöpfen：从源泉汲水。
sehen|sehen|I|不定式 / 现在时复数|看|um zu sehen：为了看看；die nirgends etwas sehen：什么都看不见的人。
sehr|sehr|D|副词|非常|gar sehr：非常；sehr tief：很深。
sei|sein|V|第一虚拟式 er / sie / es 形式|是|ob … möglich sei：是否可能；daß es … notwendig sei：（他们）有必要……。
seichtem|seicht|A|形容词 · 与格中性（无冠词）|肤浅的|von seichtem Geschwätze：与肤浅的空谈。seicht 原义是「（水）浅的」。
sein|sein|V|不定式 / 物主代词|是；他的|① 动词：möglich sein、die Weisheit selbst sein will；② 物主代词：sein Wissen（他的知）。
seine|sein|T|物主代词|他的；它的|seine Folgerung（他的结论）、seine Gegner（他的对手）、seine Aufgabe、seine Grundsätze（它〔知性〕的原理）。
seinen|sein|T|物主代词 · 宾格阳性|他的|seinen Wink：他的提示。
seiner|sein|T|物主代词 · 属格 / 与格阴性|他的；它的|seiner Aufgabe（属格）；seiner Zeit（属格）；an seiner … Wissenschaft、in seiner Art、zu seiner Rechtfertigung（与格）；seiner Folgerungen（属格复数）。
seines|sein|T|物主代词 · 属格阳性|它的|seines Gebrauches：它的使用的。
seit|seit|P|介词（支配与格）|自从|seit Lockes … Versuchen：自从洛克……的尝试以来。
seiten|die Seite|N|名词 · 阴性 · 复数 · 与格|方面|von allen Seiten：从四面八方。
selbst|selbst|D|副词 / 代词|本身；甚至|名词后 = 本身：die Weisheit selbst（智慧本身）、diese Wissenschaft selbst；名词前 = 甚至：auch selbst nur（哪怕只是）；sich selbst：自己；von selbst：自然地。
selbstdenkende|selbstdenkend|A|现在分词作定语 · 主格阳性|独立思考的|der selbstdenkende Leser：独立思考的读者。《启蒙》里的 Selbstdenkende 是同一个词。
setzen|setzen|I|不定式|放；（sich in Beifall）赢得|sich in Beifall setzen：赢得赞同（旧）。
setzt|voraussetzen|V|现在时 es 形式（可分动词，前缀在句末）|预设|setzt … voraus = voraussetzen。
sich|sich|R|反身代词|自己|主语是第三人称时的反身代词。
sich#dat|sich|R|反身代词 · 与格|（给）自己|与格的 sich 常和另一个宾格宾语一起出现：sich ein Urteil anmaßen（自以为能下判断）；sich etw. einfallen / entfallen lassen；sich etw. vorstellen；sich etw. denken。
sich#refl|sich|R|反身代词 · 宾格（反身动词的一部分）|（不译）|反身动词的一部分，一般不译：sich verlieren、sich zutragen、sich berufen、sich hüten、sich sträuben、sich beschäftigen。
sicheres|sicher|A|形容词 · 中性|确定的；可靠的|etwas Sicheres：某种确定的东西（名词化）；kein sicheres Maß：没有可靠的尺度。
sie|sie|R|人称代词|她；它；他们|sie 可指阴性单数（它）或复数（他们）。点开句中的 sie 查看具体所指。
sie#her|sie|R|人称代词 · 阴性单数宾格|它|sie in Gang zu bringen：让它（洞见）运转起来；wie er sie vortrug：他提出它（问题）的方式。
sie#she|sie|R|人称代词 · 阴性单数主格|它|多数指形而上学或理性：Ist sie Wissenschaft …；sie（= die Vernunft）betriege sich …。
sie#they|sie|R|人称代词 · 复数主格|他们|Sie müssen warten（那些学者）；Sie erfanden …（休谟的对手们）。
siehet|sehen|V|现在时 man 形式（旧形式）|看见|= sieht。
sind|sein|V|现在时 复数|是|
sinn|der Sinn|N|名词 · 阳性 · 单数 · 宾格|心思；意义|jm in den Sinn kommen：想到。
sinne|der Sinn|N|名词 · 阳性 · 单数 · 与格（旧词尾 -e）|意义|in dem Sinne, wie er sie vortrug：按照他提出它时的意思。
so|so|D|副词 / 连词|如此；那么；这样|① 如此：so bequem、so baulustig, daß …；② 句首引出主句：Da …, so …、Wenn …, so …；③ so etwas：这样的东西；④ so … auch …：无论多么……。
so#rel|so|R|关系代词（古旧）|（……的）那个 / 那些|18 世纪的书面语常用 so 作关系代词，= der / die / das：alle diejenigen, so es wert finden（所有认为值得的人）；der, so sich … läßt（那个……的人）。今天已不用。
sofern|sofern|K|连词|就……而言|
solange|solange|K|连词|只要|
solche|solch|T|指示代词|这样的|eine solche Wissenschaft、eine solche Verbindung、solche Verknüpfungen；auf solche Weise：以这种方式。
solchen|solch|T|指示代词 · 与格阴性|这样的|von einer solchen Verknüpfung：这样一种联结的。
solcher|solch|T|指示代词 · 主格阳性|这样的|ein solcher Zweifel：这样的怀疑。
soll|sollen|V|情态动词 · 现在时 es 形式|应当|wo … geurteilt werden soll：需要作判断的地方。
sollen|sollen|V|情态动词 · 复数|应当|sollen auch diesen nicht … dienen：也不是要为他们服务。
sollte|sollen|V|第二虚拟式 / 过去式|该；应|Ich sollte aber doch denken：我倒是认为；gefunden werden sollte：会被找到。
sondern|sondern|K|连词|而是|nicht …, sondern …；nicht bloß …, sondern …。
sonst|sonst|D|副词|别处；平常|schon sonst gesagt：早已在别处说过；der sonst in allen übrigen Dingen unwissend ist：在其他事情上一无所知的人。
sorgfältig|sorgfältig|D|副词|仔细地|
soweit|soweit|K|连词|就……所及|soweit die Geschichte derselben reicht：就它的历史所及。
sowohl|sowohl|K|连词|既……|sowohl … als …：既……又……。
spekulationen|die Spekulation|N|名词 · 阴性 · 复数|思辨|in Spekulationen：在思辨中。今天也指金融「投机」。
spekulativen|spekulativ|A|形容词 · 属格|思辨的|der spekulativen Philosophie：思辨哲学的；der spekulativen Vernunft。思辨 = 超出经验、单凭概念的理论推理。
spekulativer|spekulativ|A|形容词 · 主格阳性（无冠词）|思辨的|spekulativer (Verstand)：思辨的知性。
spät|spät|A|形容词 / 副词|晚的|
stark|stark|A|形容词|强的；有能力的|sich stark genug fühlen：自觉有足够能力。
stelle|die Stelle|N|名词 · 阴性 · 单数 · 与格|位置|auf derselben Stelle：在原地。
stolzem|stolz|A|形容词 · 与格中性（无冠词）|骄傲的|in stolzem Bewußtsein：骄傲地意识到。
sträuben|sträuben|I|不定式|（sich）抵制|sich gegen etw. sträuben：抵制、抗拒（原指毛发竖起）。
stück|das Stück|N|名词 · 中性 · 单数|块|ein Stück Zimmerholz：一块木料。
subjektive|subjektiv|A|形容词 · 宾格阴性|主观的|eine … subjektive Notwendigkeit：一种主观的必然性。
subtilen|subtil|A|形容词 · 与格复数|精妙的|von den subtilen Erfindungen：精妙的发明之一（讽刺）。
