tat|die Tat|N|名词 · 阴性 · 单数 · 与格|事实；行为|in der Tat：确实、事实上。
taten|die Tat|N|名词 · 阴性 · 复数 · 与格|行动|durch Taten beweisen：用行动证明。
teil|der Teil|N|名词 · 阳性 · 单数 · 宾格|部分|auf einen Teil derselben fallen：只顾着其中一部分。
tief|tief|D|副词|深地|sehr tief … hineindringen：深入到……里。
triumphiert|triumphieren|V|现在时 er 形式（从句中）|得意洋洋|
trotzig|trotzig|D|副词|强硬地；逞强地|trotzig tun：逞强。Trotz：倔强。
tun|tun|I|不定式|做|ein Genüge tun：满足要求；trotzig tun：逞强。
turm|der Turm|N|名词 · 阳性 · 单数 · 宾格|塔|理性一再把塔建起来又拆掉，为了查看地基。
tut|tun|V|现在时 er / sie 形式（从句中）|做|groß tut：吹嘘；trotzig tut：逞强。
um|um|K|连词|为了|um … zu …：为了……。
umfangs|der Umfang|N|名词 · 阳性 · 单数 · 属格|范围|des Umfangs, in welchem er gültig sein kann：它在什么范围内有效。
unabhängige|unabhängig|A|形容词 · 宾格阴性|不依赖于……的|eine von aller Erfahrung unabhängige innre Wahrheit：一种不依赖于任何经验的内在真理性。
unaufhörlich|unaufhörlich|D|副词|不停地|un- + aufhören（停止）+ -lich。
unausbleiblich|unausbleiblich|D|副词|不可避免地|《启蒙》里也出现过：「不会缺席的」→ 必然到来的。
unbekannten|unbekannt|A|形容词 · 与格阳性|未知的|nach einem bisher ganz unbekannten Plane：按一个迄今完全未知的计划。
unbescheidenheit|die Unbescheidenheit|N|名词 · 阴性 · 单数|不谦虚|mit großer Unbescheidenheit：极不谦虚地。
und|und|K|连词|和|
unentbehrlich|unentbehrlich|A|形容词|不可或缺的|entbehren（缺少）+ -lich + un-。
unentbehrlichkeit|die Unentbehrlichkeit|N|名词 · 阴性 · 单数 · 与格|不可或缺性|
unerhörtes|unerhört|N|形容词名词化 · 中性|闻所未闻的事|so was Unerhörtes：这样一件闻所未闻的事。un- + erhört（听说过的）。
ungelegen|ungelegen|A|形容词|不方便的|jm ungelegen sein：对某人不方便。
ungeschehen|ungeschehen|A|形容词|没发生过的|als ungeschehen ansehen：当作没发生过。
ungünstige|ungünstig|A|形容词 · 主格中性|不利的|jm / einer Sache ungünstig：对……不利（要求与格）。
unmittelbare|unmittelbar|A|形容词 · 宾格阴性|直接的|ihre unmittelbare Anwendung：它们的直接应用。
unmöglich|unmöglich|A|形容词 / 副词|不可能的|es ist jm unmöglich, … zu …：对某人来说不可能……；unmöglich länger bleiben：不可能再这样下去。
unrichtig|unrichtig|A|形容词|不正确的|
uns|wir|R|人称代词 · 与格|（给）我们|den uns ein anderer hinterlassen：别人留给我们的。
unter|unter|P|介词|在……之下|unter dem Scheine：顶着……的外表；unter das Gesetz bringen：置于……法则之下。
unterbrach|unterbrechen|V|过去式 er 形式（从句末）|打断|was mir … den dogmatischen Schlummer unterbrach：打断了我独断论迷梦的（东西）。
unterhalten|unterhalten|I|过去分词|维持（火）|wäre unterhalten … worden：（微火）被维持。今天常义是「娱乐、交谈」。
unterscheiden|unterscheiden|I|不定式|区分|etw. von etw. unterscheiden：把……与……区分开。
unterschiebt|unterschieben|V|现在时 sie 形式（从句末）|冒充；偷换|etw. vor (= für) etw. unterschieben：用……冒充……。
untersuchung|die Untersuchung|N|名词 · 阴性 · 单数|研究|auf Untersuchung gegründet：建立在研究之上。
untersuchungen|die Untersuchung|N|名词 · 阴性 · 复数 · 与格|研究|meinen Untersuchungen：（给）我的研究。
untrügliche|untrüglich|A|形容词 · 主格阴性|准确无误的|eine untrügliche Vorhersagung：准确的预言。un- + trügen（欺骗）+ -lich。
unumgänglich|unumgänglich|D|副词|绝对地；无法回避地|unumgänglich notwendig：绝对必要。
unwidersprechlich|unwidersprechlich|D|副词|无可反驳地|un- + widersprechen（反驳）+ -lich。
unwissend|unwissend|A|形容词|无知的|
unzählige|unzählig|A|形容词 · 宾格复数（无冠词）|无数的|über unzählige Gegenstände：在无数对象上。
ursache|die Ursache|N|名词 · 阴性 · 单数|原因|die Verknüpfung der Ursache und Wirkung：原因与结果的联结。
ursprunge|der Ursprung|N|名词 · 阳性 · 单数 · 与格（旧词尾 -e）|起源|von dem Ursprunge dieses Begriffs：这个概念的起源。
urteil|das Urteil|N|名词 · 中性 · 单数|判断|ein entscheidendes Urteil：决定性的判断；das Urteil der Menge：大众的判断；kein Urteil haben：没有判断能力。
urteile|das Urteil|N|名词 · 中性 · 复数|判断|auf Urteile ankommen：涉及判断。
verachtung|die Verachtung|N|名词 · 阴性 · 单数|轻蔑|mit Verachtung：轻蔑地。
verbesserung|die Verbesserung|N|名词 · 阴性 · 单数|改进|seinen Wink zur Verbesserung：他关于改进的提示。
verbindung|die Verbindung|N|名词 · 阴性 · 单数 · 宾格|联结|eine solche Verbindung：这样一种联结。
verdanken|verdanken|I|不定式|归功于|jm etw. zu verdanken haben：……要归功于某人。
vereinigt|vereinigen|I|过去分词|联合|sich vereinigen：联合起来。
verfehlten|verfehlen|V|过去式 复数（从句中）|错失|den Punkt verfehlen：没抓住要点。
verflochten|verflechten|A|过去分词|交织的|mit etw. verflochten sein：与……交织在一起。
vergrößert|vergrößern|I|过去分词|扩大|
verkannten|verkennen|V|过去式 复数（从句中）|误解；认错|seinen Wink … verkennen：误解他的提示。
verknüpfung|die Verknüpfung|N|名词 · 阴性 · 单数|联结|die Verknüpfung der Ursache und Wirkung：原因与结果的联结。休谟问题的核心概念。
verknüpfungen|die Verknüpfung|N|名词 · 阴性 · 复数 · 宾格|联结|solche Verknüpfungen：这样的联结。
verlieren|verlieren|I|不定式|（sich）消失|sich verlieren：消失、散去。
verloren|verlieren|I|过去分词|（sich）散去|haben sich … gar sehr verloren：（追随者）已大大减少。
vermeinten|vermeint|A|形容词 · 与格中性|自以为的|in diesem vermeinten Kleinode：在这件自以为的珍宝里。
vermögen|das Vermögen|N|名词 · 中性 · 单数 · 宾格|能力|kein Vermögen, … zu denken：没有思考……的能力。今天常义是「财产」。
vernunft|die Vernunft|N|名词 · 阴性 · 单数|理性|康德核心概念。在这一段里，「理性」被拟人化：它自称孕育了原因概念，休谟要求它交代权利。
vernünftig|vernünftig|A|形容词|理性的；明智的|vernünftig und weise werden：变得理性和明智。
vernünftige|vernünftig|N|形容词名词化 · 中性|合理的东西|das Überlegte und Vernünftige：深思熟虑而合理的东西。
verstand|der Verstand|N|名词 · 阳性 · 单数|知性|der menschliche Verstand：人类知性；gesunder / spekulativer Verstand：健全的 / 思辨的知性。
verstanden|verstehen|I|过去分词|理解|von keinem verstanden würde：不被任何人理解。
verstehen|verstehen|I|不定式|理解|werden ihn nicht verstehen：不会理解他。
versteht|verstehen|V|现在时 er 形式（从句末）|懂得|versteht … zu …：懂得做……。
versteige|versteigen|V|第一虚拟式 er 形式（从句末）|（sich）爬得太高而迷路|damit er sich nicht in Spekulationen versteige：让它不至于爬进思辨里迷了路。
versuchen|der Versuch|N|名词 · 阳性 · 复数 · 与格|尝试|seit Lockes und Leibnizens Versuchen：自从洛克和莱布尼茨的尝试以来。
veränderung|die Veränderung|N|名词 · 阴性 · 单数 · 宾格|变化|eine nahe Veränderung：即将到来的变化。
viele|viel|A|形容词 · 宾格复数|许多|viele Jahrhunderte：好几百年。
vielen|viel|A|形容词 · 与格复数|许多|vor vielen Jahren：多年以前。
vielleicht|vielleicht|D|副词|也许|
vielmehr|vielmehr|D|副词|更确切地说|oder vielmehr：或者不如说。
von|von|P|介词（支配与格）|从；关于；被|von etw. ausgehen / anfangen：从……出发；von etw. Nachricht geben：报道；von keinem verstanden：不被任何人理解；von aller Erfahrung unabhängig：不依赖于任何经验。
vor|vor|P|介词|为了；给；当作（= für）|本书最需要留意的词！18 世纪常把 vor 当 für 用：vor Lehrlinge（给学生）、vor diese（为他们）、vor alles Künftige（对一切将来之事）、vor ihr eigen Kind halten（当作亲生孩子）、vor rechtmäßig gehalten（被当作合法的）。真正的「在……之前」：vor vielen Jahren（多年以前）、vor der Hand（暂时）、vor allen Dingen（首先）。
vor#zeit|vor|P|介词（支配与格）|在……之前|这里是真正的「在……之前」：vor vielen Jahren（多年以前）、vor der Hand（暂时）、vor allen Dingen（首先、尤其）。本书里其他大多数 vor 是 für 的意思。
voraus|voraus|D|副词|预先|
voraus#sep|voraussetzen|Z|可分动词前缀（被拆到句末）|（预）设|属于 setzt … voraus = voraussetzen（预设）。
vorauszusagen|voraussagen|I|zu-不定式（可分动词）|预言|
vorgeblich|vorgeblich|D|副词|号称；据称|vorgeblich a priori bestehende：号称先天成立的。vorgeben：声称。
vorgefallen|vorfallen|I|过去分词|发生|als ob gar nichts vorgefallen wäre：仿佛根本没发生过什么。
vorgibt|vorgeben|V|现在时 sie 形式（从句中）|声称|die da vorgibt, … zu …：（理性）自称……。
vorhanden|vorhanden|A|形容词|现有的|vorhanden sein：存在、现有。
vorhandnen|vorhanden|A|形容词 · 属格阴性|现成的|= vorhandenen。einer schon vorhandnen Wissenschaft：一门现成的学问。
vorhersagung|die Vorhersagung|N|名词 · 阴性 · 单数|预言|今天多说 Vorhersage（天气预报 = Wettervorhersage）。
vorstellte|vorstellen|V|过去式 er 形式（从句中）|（sich）设想|sich (Dat.) etw. vorstellen：设想。
vorstellungen|die Vorstellung|N|名词 · 阴性 · 复数|表象|gewisse Vorstellungen：某些表象；Vorstellungen verknüpfen：联结表象。
vortrag|der Vortrag|N|名词 · 阳性 · 单数 · 宾格|讲授|den Vortrag … anordnen：编排讲授。
vortrug|vortragen|V|过去式 er 形式（从句末）|提出；讲述|wie er sie vortrug：他提出它的方式。
vorzubringen|vorbringen|I|zu-不定式（可分动词）|提出；拿出|nichts Kluges vorzubringen wissen：拿不出聪明话。
völlige|völlig|A|形容词 · 主格阴性|彻底的|eine völlige Reform：彻底的改革。
wagen|wagen|I|不定式|冒险|ihren Ruhm wagen：拿名声冒险。
wahrheit|die Wahrheit|N|名词 · 阴性 · 单数 · 宾格|真理|innre Wahrheit：内在真理性。
war|sein|V|过去式 er / sie / es 形式|是|
warten|warten|I|不定式|等待|
was|was|R|关系 / 疑问代词|（……的）东西|nichts, was …；alles, was …；dasjenige, was …；so was = so etwas。
wegen|wegen|P|介词（支配属格）|关于（古义）；因为|wegen der Bedingungen seines Gebrauches：关于它的使用条件。今天 wegen 常义是「因为」。
weil|weil|K|连词|因为|
weise|weise / die Weise|A|形容词 / 名词|明智的；方式|① 形容词：vernünftig und weise（理性而明智）；② 名词 die Weise：auf mancherlei Weise（以各种方式）、auf solche Weise、notwendiger Weise（必然地）。
weisheit|die Weisheit|N|名词 · 阴性 · 单数|智慧|die Weisheit selbst：智慧本身。Philosophie 字面就是「爱智慧」。
weit|weit|D|副词|远|wie weit：多远；weit entfernt：远没有。
weiter|weiter|D|副词|更远|weiter ausgedehnt：更广的；es weiter bringen：走得更远。
weiterzukommen|weiterkommen|I|zu-不定式（可分动词）|前进|ohne einen Schritt weiterzukommen：一步也前进不了。
weiß|wissen|V|现在时 man 形式（从句末）|知道；会|zu … weiß：懂得、能够（wissen + zu）。
welchem|welcher|R|关系代词 · 与格|（……的）那个|bei welchem：借着它；in welchem：在其中；mit welchem Rechte：凭什么权利（疑问）。
welchen|welcher|R|关系代词 · 与格复数|（……的）那些|auf welchen ihre Möglichkeit beruht：它的可能性所基于的（那些要求）。
welches|welcher|R|关系代词 · 中性|这（指整件事）|welches ihnen ungelegen war：这对他们不方便；welches ebensoviel sagt, als …：这等于说……。
welt|die Welt|N|名词 · 阴性 · 单数 · 与格|世界；世人|der Welt Nachricht geben：向世人报道。
wenigstens|wenigstens|D|副词|至少|
wenn|wenn|K|连词|如果；当……时|
werde|werden|V|第一虚拟式 er 形式|将；被|überzeugt sein werde：将会确信；gedacht werde：被思考。
werden|werden|V|助动词|将；被；变成|① 将来时：Einige werden … herabsehen；② 被动态：gesagt werden、ausgemacht werden、geleistet werden；③ 变成：vernünftig … werden。
wert|wert|A|形容词|值得的|es wert finden / sein, … zu …：认为 / 是值得……的。
wichtigen|wichtig|A|形容词 · 与格阳性|重要的|
widerstand|der Widerstand|N|名词 · 阳性 · 单数|反对；抵抗|auf Widerstand von allen Seiten：（准备迎接）四面八方的反对。
widrigenfalls|widrigenfalls|D|副词（古旧）|否则|
wie|wie|K|连词 / 疑问词|怎样；如；像|wie kommt es / wie geht es zu：怎么会……；ob und wie：是否以及如何；wie andre Wissenschaften：像别的科学那样；wie man wolle：不管人们怎样。
wieder|wieder|D|副词|又；再|
will|wollen|V|情态动词 · 现在时 sie 形式|想要；自命为|die doch die Weisheit selbst sein will：自命为智慧本身的（学问）。
wink|der Wink|N|名词 · 阳性 · 单数 · 宾格|暗示；提示|winken：招手。
wird|werden|V|现在时 er / es 形式|将；被|
wirklichkeit|die Wirklichkeit|N|名词 · 阴性 · 单数 · 与格|现实性|an der Wirklichkeit derselben zweifeln：怀疑它的现实性。
wirkung|die Wirkung|N|名词 · 阴性 · 单数|结果|Ursache und Wirkung：原因与结果。
wissen|das Wissen|N|动词名词化 · 中性|知识；知|sein Wissen oder Nichtwissen：自己的知或无知。
wissenschaft|die Wissenschaft|N|名词 · 阴性 · 单数|科学；学问|德语的 Wissenschaft 比英语 science 宽：任何系统、有根据的知识体系都算。本书问：形而上学能不能成为 Wissenschaft？
wissenschaften|die Wissenschaft|N|名词 · 阴性 · 复数|科学|wie andre Wissenschaften：像别的科学那样。
witzling|der Witzling|N|名词 · 阳性 · 单数|耍小聪明的人|Witz（机智）+ -ling（贬义后缀）。
wo|wo|K|关系副词|在那里|wo jedermann …：在那里每个人都……；wo … geurteilt werden soll：需要作判断的地方。
wohl|wohl|D|副词 / 语气词|大概；倒是；确实|wie … wohl beschaffen sein möchte：大概是怎样的；man wohl hoffen kann：倒是可以希望；ebenso wohl：同样；ganz wohl：完全可以。
wolle|wollen|V|第一虚拟式 man 形式|想要|wie man wolle：不管人们想怎样。
wollen|wollen|V|情态动词 · 复数|想要|wagen wollen：愿意冒险。
wollte|wollen|V|过去式 es 形式|偏要|das … Schicksal wollte, daß …：命运偏偏要……。
womöglich|womöglich|D|副词|尽可能；或许|
woraus|woraus|K|关系副词|由此|woraus … hätte entspringen müssen：由此本必定会产生……。
worden|werden|I|被动态的过去分词|（已）被|gesagt worden ist：已被说过；wäre unterhalten … worden：（假如）被维持了。
wunder|das Wunder|N|名词 · 中性|奇迹|Wunder denken：自以为了不起（旧说法）。
wäre|sein|V|第二虚拟式 es 形式|（假如）是|als ob nichts geschehen wäre：仿佛什么也没发生；wäre jenes nur ausgemittelt：只要前者弄清楚了。
wären|sein|V|第二虚拟式 复数|（会）是|wären nichts als …：不过是……。
würde|werden|V|第二虚拟式 er / es 形式|会；被|würde … gegeben haben：会有了；von keinem verstanden würde：不被任何人理解（被动态 + 第二虚拟式）。
würden|werden|V|第二虚拟式 复数|会|bloße Erdichtungen sein würden：会只是虚构。
z|z. B.|M|缩写的一部分|例如|z. B. = zum Beispiel。
zeit|die Zeit|N|名词 · 阴性 · 单数|时间；时代|seiner Zeit：他那个时代的；einige Zeit hindurch：一段时间里。
zeiten|die Zeit|N|名词 · 阴性 · 复数 · 属格|时代|neuerer Zeiten：近代的。
zeitlang|die Zeitlang|N|名词 · 阴性（只用于 eine Zeitlang）|一阵子|eine Zeitlang：一段时间。
ziehen|ziehen|I|不定式|拉；（in Betracht）考虑|in Betracht ziehen：考虑。
zimmerholz|das Zimmerholz|N|名词 · 中性 · 单数|木料|zimmern（做木工）+ Holz（木头）。
zu|zu|P|介词（与格）/ 不定式标记|到；对；（不定式标记）|① 介词：zu jedem Neuen（对每一个新东西）、zur Verbesserung；② zu + 形容词 = 太：zu spät；③ 不定式标记。
zuerst|zuerst|D|副词|首先；第一次|zuerst die Frage aufzuwerfen：首先提出问题；zuerst … unterbrach：第一次打断。
zugestanden|zugestehen|A|过去分词|已承认的|etw. als zugestanden annehmen：把……当作公认的前提。
zugetragen|zutragen|I|过去分词|（sich）发生|hat sich keine Begebenheit zugetragen：没有发生过任何事件。
zuklatschen|das Zuklatschen|N|动词名词化 · 中性|鼓掌喝彩|jm zuklatschen：向某人鼓掌。
zuletzt|zuletzt|D|副词|最后|und zuletzt noch Priestley：最后还有普里斯特利。
zum|zu + dem|P|介词与冠词缩合|为了；对于|zum Gebrauch：供……使用；zum Kupferstechen：为了刻铜版。
zunder|der Zunder|N|名词 · 阳性 · 单数 · 宾格|火绒|一种易燃的材料，古时用来接火星生火。
zur|zu + der|P|介词与冠词缩合 · 与格阴性|为了；关于|seinen Wink zur Verbesserung：他关于改进的提示。zur = zu der。
zustande|der Zustand|N|名词 · 阳性 · 单数 · 与格（旧词尾 -e）|状态|in dem alten Zustande bleiben：停留在老样子。
zweifel|der Zweifel|N|名词 · 阳性 · 单数|怀疑|in Zweifel ziehen：怀疑；ein solcher Zweifel：这样的怀疑。
zweifeln|zweifeln|I|不定式|怀疑|an etw. zweifeln：怀疑……。
zweifle|zweifeln|V|第一虚拟式 man 形式|怀疑|daß man an der Wirklichkeit derselben zweifle：人们怀疑它的现实性。
ähnlichkeit|die Ähnlichkeit|N|名词 · 阴性 · 单数 · 宾格|相似之处|einige Ähnlichkeit：一些相似之处。
über|über|P|介词（与格 / 宾格）|在……上；关于；对|über unzählige Gegenstände：在无数对象上；über die Natur …：关于本性；über etw. erröten：因……脸红；sich über etw. rechtfertigen：为……辩护。
überall|überall|D|副词|（古）根本；到处|本书里多是古义 = überhaupt（根本、究竟）：ob … überall nur möglich sei（究竟是否可能）；es gebe überall keine Metaphysik（根本没有形而上学）。
überdem|überdem|D|副词（古旧）|此外|noch überdem：而且还。
übereilt|übereilt|A|形容词|草率的|eilen（匆忙）。
überhaupt|überhaupt|D|副词|究竟；一般地|ob und wie überhaupt …：究竟是否以及如何……。
überlegte|überlegt|N|形容词名词化 · 中性|深思熟虑的东西|das Überlegte：经过思考的东西。
überzeugen|überzeugen|I|不定式|说服|alle diejenigen … zu überzeugen：说服所有那些人。
überzeugt|überzeugt|A|形容词|确信的|gänzlich überzeugt sein, daß …：完全确信……。
übrigen|übrig|A|形容词 · 与格复数|其余的|in allen übrigen Dingen：在其他一切事情上。
